id,h,a,hl,al,s,ht,at,l,s256,stad,ht_w_1,ht_w_2,ht_b_1,ht_b_2,at_w_1,at_w_2,at_b_1,at_b_2
1574344,\Ein Frankfurt\512.png,\Bayern Munich\512.png,\Ein Frankfurt\700.jpg,\Bayern Munich\700.jpg,\Ein Frankfurt\s.jpg,"Eintracht
Frankfurt","FC Bayern
München",800_1.png,\Ein Frankfurt\s256.png,Deutsche Bank Park,FALSE,TRUE,FALSE,FALSE,FALSE,TRUE,FALSE,FALSE
1574345,\Dortmund\512.png,\Leverkusen\512.png,\Dortmund\700.jpg,\Leverkusen\700.jpg,\Dortmund\s.jpg,"Borussia
Dortmund","Bayer 04
Leverkusen",800_1.png,\Dortmund\s256.png,SIGNAL IDUNA PARK,FALSE,FALSE,FALSE,TRUE,FALSE,TRUE,FALSE,FALSE
1574346,\Union Berlin\512.png,\Hertha\512.png,\Union Berlin\700.jpg,\Hertha\700.jpg,\Union Berlin\s.jpg,"Union
Berlin","Hertha
Berlin",800_1.png,\Union Berlin\s256.png,An der Alten Försterei,FALSE,TRUE,FALSE,FALSE,FALSE,TRUE,FALSE,FALSE
1574347,\FC Koln\512.png,\Schalke 04\512.png,\FC Koln\700.jpg,\Schalke 04\700.jpg,\FC Koln\s.jpg,1.FC Köln,Schalke 04,800_1.png,\FC Koln\s256.png,RheinEnergieSTADION,TRUE,FALSE,FALSE,FALSE,TRUE,FALSE,FALSE,FALSE
1574348,\Mönchengladbach\512.png,\Hoffenheim\512.png,\Mönchengladbach\700.jpg,\Hoffenheim\700.jpg,\Mönchengladbach\s.jpg,"Borussia
M'gladbach","TSG
Hoffenheim",800_1.png,\Mönchengladbach\s256.png,BORUSSIA-PARK,FALSE,TRUE,FALSE,FALSE,FALSE,TRUE,FALSE,FALSE
1574349,\Wolfsburg\512.png,\Werder Bremen\512.png,\Wolfsburg\700.jpg,\Werder Bremen\700.jpg,\Wolfsburg\s.jpg,"VfL
Wolfsburg","Werder
Bremen",800_1.png,\Wolfsburg\s256.png,Volkswagen Arena,FALSE,TRUE,FALSE,FALSE,FALSE,TRUE,FALSE,FALSE
1574350,\Bochum\512.png,\Mainz\512.png,\Bochum\700.jpg,\Mainz\700.jpg,\Bochum\s.jpg,"VfL
Bochum",Mainz,800_1.png,\Bochum\s256.png,Vonovia Ruhrstadion,FALSE,TRUE,FALSE,FALSE,TRUE,FALSE,FALSE,FALSE
1574351,\Augsburg\512.png,\Freiburg\512.png,\Augsburg\700.jpg,\Freiburg\700.jpg,\Augsburg\s.jpg,Augsburg,Freiburg,800_1.png,\Augsburg\s256.png,WWK Arena,TRUE,FALSE,FALSE,FALSE,TRUE,FALSE,FALSE,FALSE
1574352,\Stuttgart\512.png,\RasenBallsport Leipzig\512.png,\Stuttgart\700.jpg,\RasenBallsport Leipzig\700.jpg,\Stuttgart\s.jpg,"VfB
Stuttgart",RB Leipzig,800_1.png,\Stuttgart\s256.png,Mercedes-Benz Arena,FALSE,FALSE,FALSE,TRUE,FALSE,FALSE,TRUE,FALSE
1574353,\Bayern Munich\512.png,\Wolfsburg\512.png,\Bayern Munich\700.jpg,\Wolfsburg\700.jpg,\Bayern Munich\s.jpg,"FC Bayern
München","VfL
Wolfsburg",800_1.png,\Bayern Munich\s256.png,Allianz Arena,FALSE,TRUE,FALSE,FALSE,FALSE,TRUE,FALSE,FALSE
1574354,\Leverkusen\512.png,\Augsburg\512.png,\Leverkusen\700.jpg,\Augsburg\700.jpg,\Leverkusen\s.jpg,"Bayer 04
Leverkusen",Augsburg,800_1.png,\Leverkusen\s256.png,BayArena,FALSE,TRUE,FALSE,FALSE,TRUE,FALSE,FALSE,FALSE
1574355,\RasenBallsport Leipzig\512.png,\FC Koln\512.png,\RasenBallsport Leipzig\700.jpg,\FC Koln\700.jpg,\RasenBallsport Leipzig\s.jpg,RB Leipzig,1.FC Köln,800_1.png,\RasenBallsport Leipzig\s256.png,Red Bull Arena,FALSE,FALSE,TRUE,FALSE,TRUE,FALSE,FALSE,FALSE
1574356,\Freiburg\512.png,\Dortmund\512.png,\Freiburg\700.jpg,\Dortmund\700.jpg,\Freiburg\s.jpg,Freiburg,"Borussia
Dortmund",800_1.png,\Freiburg\s256.png,Schwarzwald-Stadion,TRUE,FALSE,FALSE,FALSE,FALSE,FALSE,FALSE,TRUE
1574357,\Mainz\512.png,\Union Berlin\512.png,\Mainz\700.jpg,\Union Berlin\700.jpg,\Mainz\s.jpg,Mainz,"Union
Berlin",800_1.png,\Mainz\s256.png,Mewa Arena,TRUE,FALSE,FALSE,FALSE,FALSE,TRUE,FALSE,FALSE
1574358,\Hoffenheim\512.png,\Bochum\512.png,\Hoffenheim\700.jpg,\Bochum\700.jpg,\Hoffenheim\s.jpg,"TSG
Hoffenheim","VfL
Bochum",800_1.png,\Hoffenheim\s256.png,PreZero Arena,FALSE,TRUE,FALSE,FALSE,FALSE,TRUE,FALSE,FALSE
1574359,\Hertha\512.png,\Ein Frankfurt\512.png,\Hertha\700.jpg,\Ein Frankfurt\700.jpg,\Hertha\s.jpg,"Hertha
Berlin","Eintracht
Frankfurt",800_1.png,\Hertha\s256.png,Olympiastadion Berlin,FALSE,TRUE,FALSE,FALSE,FALSE,TRUE,FALSE,FALSE
1574360,\Schalke 04\512.png,\Mönchengladbach\512.png,\Schalke 04\700.jpg,\Mönchengladbach\700.jpg,\Schalke 04\s.jpg,Schalke 04,"Borussia
M'gladbach",800_1.png,\Schalke 04\s256.png,VELTINS-Arena,TRUE,FALSE,FALSE,FALSE,FALSE,TRUE,FALSE,FALSE
1574361,\Werder Bremen\512.png,\Stuttgart\512.png,\Werder Bremen\700.jpg,\Stuttgart\700.jpg,\Werder Bremen\s.jpg,"Werder
Bremen","VfB
Stuttgart",800_1.png,\Werder Bremen\s256.png,Wohninvest WESERSTADION,FALSE,TRUE,FALSE,FALSE,FALSE,FALSE,FALSE,TRUE
1574362,\Dortmund\512.png,\Werder Bremen\512.png,\Dortmund\700.jpg,\Werder Bremen\700.jpg,\Dortmund\s.jpg,"Borussia
Dortmund","Werder
Bremen",800_1.png,\Dortmund\s256.png,SIGNAL IDUNA PARK,FALSE,FALSE,FALSE,TRUE,FALSE,TRUE,FALSE,FALSE
1574363,\Leverkusen\512.png,\Hoffenheim\512.png,\Leverkusen\700.jpg,\Hoffenheim\700.jpg,\Leverkusen\s.jpg,"Bayer 04
Leverkusen","TSG
Hoffenheim",800_1.png,\Leverkusen\s256.png,BayArena,FALSE,TRUE,FALSE,FALSE,FALSE,TRUE,FALSE,FALSE
1574364,\Union Berlin\512.png,\RasenBallsport Leipzig\512.png,\Union Berlin\700.jpg,\RasenBallsport Leipzig\700.jpg,\Union Berlin\s.jpg,"Union
Berlin",RB Leipzig,800_1.png,\Union Berlin\s256.png,An der Alten Försterei,FALSE,TRUE,FALSE,FALSE,FALSE,FALSE,TRUE,FALSE
1574365,\Mönchengladbach\512.png,\Hertha\512.png,\Mönchengladbach\700.jpg,\Hertha\700.jpg,\Mönchengladbach\s.jpg,"Borussia
M'gladbach","Hertha
Berlin",800_1.png,\Mönchengladbach\s256.png,BORUSSIA-PARK,FALSE,TRUE,FALSE,FALSE,FALSE,TRUE,FALSE,FALSE
1574366,\Ein Frankfurt\512.png,\FC Koln\512.png,\Ein Frankfurt\700.jpg,\FC Koln\700.jpg,\Ein Frankfurt\s.jpg,"Eintracht
Frankfurt",1.FC Köln,800_1.png,\Ein Frankfurt\s256.png,Deutsche Bank Park,FALSE,TRUE,FALSE,FALSE,TRUE,FALSE,FALSE,FALSE
1574367,\Wolfsburg\512.png,\Schalke 04\512.png,\Wolfsburg\700.jpg,\Schalke 04\700.jpg,\Wolfsburg\s.jpg,"VfL
Wolfsburg",Schalke 04,800_1.png,\Wolfsburg\s256.png,Volkswagen Arena,FALSE,TRUE,FALSE,FALSE,TRUE,FALSE,FALSE,FALSE
1574368,\Bochum\512.png,\Bayern Munich\512.png,\Bochum\700.jpg,\Bayern Munich\700.jpg,\Bochum\s.jpg,"VfL
Bochum","FC Bayern
München",800_1.png,\Bochum\s256.png,Vonovia Ruhrstadion,FALSE,TRUE,FALSE,FALSE,FALSE,TRUE,FALSE,FALSE
1574369,\Augsburg\512.png,\Mainz\512.png,\Augsburg\700.jpg,\Mainz\700.jpg,\Augsburg\s.jpg,Augsburg,Mainz,800_1.png,\Augsburg\s256.png,WWK Arena,TRUE,FALSE,FALSE,FALSE,TRUE,FALSE,FALSE,FALSE
1574370,\Stuttgart\512.png,\Freiburg\512.png,\Stuttgart\700.jpg,\Freiburg\700.jpg,\Stuttgart\s.jpg,"VfB
Stuttgart",Freiburg,800_1.png,\Stuttgart\s256.png,Mercedes-Benz Arena,FALSE,FALSE,FALSE,TRUE,TRUE,FALSE,FALSE,FALSE
1574371,\Bayern Munich\512.png,\Mönchengladbach\512.png,\Bayern Munich\700.jpg,\Mönchengladbach\700.jpg,\Bayern Munich\s.jpg,"FC Bayern
München","Borussia
M'gladbach",800_1.png,\Bayern Munich\s256.png,Allianz Arena,FALSE,TRUE,FALSE,FALSE,FALSE,TRUE,FALSE,FALSE
1574372,\RasenBallsport Leipzig\512.png,\Wolfsburg\512.png,\RasenBallsport Leipzig\700.jpg,\Wolfsburg\700.jpg,\RasenBallsport Leipzig\s.jpg,RB Leipzig,"VfL
Wolfsburg",800_1.png,\RasenBallsport Leipzig\s256.png,Red Bull Arena,FALSE,FALSE,TRUE,FALSE,FALSE,TRUE,FALSE,FALSE
1574373,\Freiburg\512.png,\Bochum\512.png,\Freiburg\700.jpg,\Bochum\700.jpg,\Freiburg\s.jpg,Freiburg,"VfL
Bochum",800_1.png,\Freiburg\s256.png,Schwarzwald-Stadion,TRUE,FALSE,FALSE,FALSE,FALSE,TRUE,FALSE,FALSE
1574374,\FC Koln\512.png,\Stuttgart\512.png,\FC Koln\700.jpg,\Stuttgart\700.jpg,\FC Koln\s.jpg,1.FC Köln,"VfB
Stuttgart",800_1.png,\FC Koln\s256.png,RheinEnergieSTADION,TRUE,FALSE,FALSE,FALSE,FALSE,FALSE,FALSE,TRUE
1574375,\Mainz\512.png,\Leverkusen\512.png,\Mainz\700.jpg,\Leverkusen\700.jpg,\Mainz\s.jpg,Mainz,"Bayer 04
Leverkusen",800_1.png,\Mainz\s256.png,Mewa Arena,TRUE,FALSE,FALSE,FALSE,FALSE,TRUE,FALSE,FALSE
1574376,\Hoffenheim\512.png,\Augsburg\512.png,\Hoffenheim\700.jpg,\Augsburg\700.jpg,\Hoffenheim\s.jpg,"TSG
Hoffenheim",Augsburg,800_1.png,\Hoffenheim\s256.png,PreZero Arena,FALSE,TRUE,FALSE,FALSE,TRUE,FALSE,FALSE,FALSE
1574377,\Hertha\512.png,\Dortmund\512.png,\Hertha\700.jpg,\Dortmund\700.jpg,\Hertha\s.jpg,"Hertha
Berlin","Borussia
Dortmund",800_1.png,\Hertha\s256.png,Olympiastadion Berlin,FALSE,TRUE,FALSE,FALSE,FALSE,FALSE,FALSE,TRUE
1574378,\Schalke 04\512.png,\Union Berlin\512.png,\Schalke 04\700.jpg,\Union Berlin\700.jpg,\Schalke 04\s.jpg,Schalke 04,"Union
Berlin",800_1.png,\Schalke 04\s256.png,VELTINS-Arena,TRUE,FALSE,FALSE,FALSE,FALSE,TRUE,FALSE,FALSE
1574379,\Werder Bremen\512.png,\Ein Frankfurt\512.png,\Werder Bremen\700.jpg,\Ein Frankfurt\700.jpg,\Werder Bremen\s.jpg,"Werder
Bremen","Eintracht
Frankfurt",800_1.png,\Werder Bremen\s256.png,Wohninvest WESERSTADION,FALSE,TRUE,FALSE,FALSE,FALSE,TRUE,FALSE,FALSE
1574380,\Dortmund\512.png,\Hoffenheim\512.png,\Dortmund\700.jpg,\Hoffenheim\700.jpg,\Dortmund\s.jpg,"Borussia
Dortmund","TSG
Hoffenheim",800_1.png,\Dortmund\s256.png,SIGNAL IDUNA PARK,FALSE,FALSE,FALSE,TRUE,FALSE,TRUE,FALSE,FALSE
1574381,\Leverkusen\512.png,\Freiburg\512.png,\Leverkusen\700.jpg,\Freiburg\700.jpg,\Leverkusen\s.jpg,"Bayer 04
Leverkusen",Freiburg,800_1.png,\Leverkusen\s256.png,BayArena,FALSE,TRUE,FALSE,FALSE,TRUE,FALSE,FALSE,FALSE
1574382,\Union Berlin\512.png,\Bayern Munich\512.png,\Union Berlin\700.jpg,\Bayern Munich\700.jpg,\Union Berlin\s.jpg,"Union
Berlin","FC Bayern
München",800_1.png,\Union Berlin\s256.png,An der Alten Försterei,FALSE,TRUE,FALSE,FALSE,FALSE,TRUE,FALSE,FALSE
1574383,\Mönchengladbach\512.png,\Mainz\512.png,\Mönchengladbach\700.jpg,\Mainz\700.jpg,\Mönchengladbach\s.jpg,"Borussia
M'gladbach",Mainz,800_1.png,\Mönchengladbach\s256.png,BORUSSIA-PARK,FALSE,TRUE,FALSE,FALSE,TRUE,FALSE,FALSE,FALSE
1574384,\Ein Frankfurt\512.png,\RasenBallsport Leipzig\512.png,\Ein Frankfurt\700.jpg,\RasenBallsport Leipzig\700.jpg,\Ein Frankfurt\s.jpg,"Eintracht
Frankfurt",RB Leipzig,800_1.png,\Ein Frankfurt\s256.png,Deutsche Bank Park,FALSE,TRUE,FALSE,FALSE,FALSE,FALSE,TRUE,FALSE
1574385,\Wolfsburg\512.png,\FC Koln\512.png,\Wolfsburg\700.jpg,\FC Koln\700.jpg,\Wolfsburg\s.jpg,"VfL
Wolfsburg",1.FC Köln,800_1.png,\Wolfsburg\s256.png,Volkswagen Arena,FALSE,TRUE,FALSE,FALSE,TRUE,FALSE,FALSE,FALSE
1574386,\Bochum\512.png,\Werder Bremen\512.png,\Bochum\700.jpg,\Werder Bremen\700.jpg,\Bochum\s.jpg,"VfL
Bochum","Werder
Bremen",800_1.png,\Bochum\s256.png,Vonovia Ruhrstadion,FALSE,TRUE,FALSE,FALSE,FALSE,TRUE,FALSE,FALSE
1574387,\Augsburg\512.png,\Hertha\512.png,\Augsburg\700.jpg,\Hertha\700.jpg,\Augsburg\s.jpg,Augsburg,"Hertha
Berlin",800_1.png,\Augsburg\s256.png,WWK Arena,TRUE,FALSE,FALSE,FALSE,FALSE,TRUE,FALSE,FALSE
1574388,\Stuttgart\512.png,\Schalke 04\512.png,\Stuttgart\700.jpg,\Schalke 04\700.jpg,\Stuttgart\s.jpg,"VfB
Stuttgart",Schalke 04,800_1.png,\Stuttgart\s256.png,Mercedes-Benz Arena,FALSE,FALSE,FALSE,TRUE,TRUE,FALSE,FALSE,FALSE
1574389,\Bayern Munich\512.png,\Stuttgart\512.png,\Bayern Munich\700.jpg,\Stuttgart\700.jpg,\Bayern Munich\s.jpg,"FC Bayern
München","VfB
Stuttgart",800_1.png,\Bayern Munich\s256.png,Allianz Arena,FALSE,TRUE,FALSE,FALSE,FALSE,FALSE,FALSE,TRUE
1574390,\RasenBallsport Leipzig\512.png,\Dortmund\512.png,\RasenBallsport Leipzig\700.jpg,\Dortmund\700.jpg,\RasenBallsport Leipzig\s.jpg,RB Leipzig,"Borussia
Dortmund",800_1.png,\RasenBallsport Leipzig\s256.png,Red Bull Arena,FALSE,FALSE,TRUE,FALSE,FALSE,FALSE,FALSE,TRUE
1574391,\Freiburg\512.png,\Mönchengladbach\512.png,\Freiburg\700.jpg,\Mönchengladbach\700.jpg,\Freiburg\s.jpg,Freiburg,"Borussia
M'gladbach",800_1.png,\Freiburg\s256.png,Schwarzwald-Stadion,TRUE,FALSE,FALSE,FALSE,FALSE,TRUE,FALSE,FALSE
1574392,\FC Koln\512.png,\Union Berlin\512.png,\FC Koln\700.jpg,\Union Berlin\700.jpg,\FC Koln\s.jpg,1.FC Köln,"Union
Berlin",800_1.png,\FC Koln\s256.png,RheinEnergieSTADION,TRUE,FALSE,FALSE,FALSE,FALSE,TRUE,FALSE,FALSE
1574393,\Hoffenheim\512.png,\Mainz\512.png,\Hoffenheim\700.jpg,\Mainz\700.jpg,\Hoffenheim\s.jpg,"TSG
Hoffenheim",Mainz,800_1.png,\Hoffenheim\s256.png,PreZero Arena,FALSE,TRUE,FALSE,FALSE,TRUE,FALSE,FALSE,FALSE
1574394,\Ein Frankfurt\512.png,\Wolfsburg\512.png,\Ein Frankfurt\700.jpg,\Wolfsburg\700.jpg,\Ein Frankfurt\s.jpg,"Eintracht
Frankfurt","VfL
Wolfsburg",800_1.png,\Ein Frankfurt\s256.png,Deutsche Bank Park,FALSE,TRUE,FALSE,FALSE,FALSE,TRUE,FALSE,FALSE
1574395,\Hertha\512.png,\Leverkusen\512.png,\Hertha\700.jpg,\Leverkusen\700.jpg,\Hertha\s.jpg,"Hertha
Berlin","Bayer 04
Leverkusen",800_1.png,\Hertha\s256.png,Olympiastadion Berlin,FALSE,TRUE,FALSE,FALSE,FALSE,TRUE,FALSE,FALSE
1574396,\Schalke 04\512.png,\Bochum\512.png,\Schalke 04\700.jpg,\Bochum\700.jpg,\Schalke 04\s.jpg,Schalke 04,"VfL
Bochum",800_1.png,\Schalke 04\s256.png,VELTINS-Arena,TRUE,FALSE,FALSE,FALSE,FALSE,TRUE,FALSE,FALSE
1574397,\Werder Bremen\512.png,\Augsburg\512.png,\Werder Bremen\700.jpg,\Augsburg\700.jpg,\Werder Bremen\s.jpg,"Werder
Bremen",Augsburg,800_1.png,\Werder Bremen\s256.png,Wohninvest WESERSTADION,FALSE,TRUE,FALSE,FALSE,TRUE,FALSE,FALSE,FALSE
1574400,\Leverkusen\512.png,\Werder Bremen\512.png,\Leverkusen\700.jpg,\Werder Bremen\700.jpg,\Leverkusen\s.jpg,"Bayer 04
Leverkusen","Werder
Bremen",800_1.png,\Leverkusen\s256.png,BayArena,FALSE,TRUE,FALSE,FALSE,FALSE,TRUE,FALSE,FALSE
1574401,\Union Berlin\512.png,\Wolfsburg\512.png,\Union Berlin\700.jpg,\Wolfsburg\700.jpg,\Union Berlin\s.jpg,"Union
Berlin","VfL
Wolfsburg",800_1.png,\Union Berlin\s256.png,An der Alten Försterei,FALSE,TRUE,FALSE,FALSE,FALSE,TRUE,FALSE,FALSE
1574402,\Mainz\512.png,\Hertha\512.png,\Mainz\700.jpg,\Hertha\700.jpg,\Mainz\s.jpg,Mainz,"Hertha
Berlin",800_1.png,\Mainz\s256.png,Mewa Arena,TRUE,FALSE,FALSE,FALSE,FALSE,TRUE,FALSE,FALSE
1574403,\Bochum\512.png,\FC Koln\512.png,\Bochum\700.jpg,\FC Koln\700.jpg,\Bochum\s.jpg,"VfL
Bochum",1.FC Köln,800_1.png,\Bochum\s256.png,Vonovia Ruhrstadion,FALSE,TRUE,FALSE,FALSE,TRUE,FALSE,FALSE,FALSE
1574404,\Hoffenheim\512.png,\Freiburg\512.png,\Hoffenheim\700.jpg,\Freiburg\700.jpg,\Hoffenheim\s.jpg,"TSG
Hoffenheim",Freiburg,800_1.png,\Hoffenheim\s256.png,PreZero Arena,FALSE,TRUE,FALSE,FALSE,TRUE,FALSE,FALSE,FALSE
1574405,\Stuttgart\512.png,\Ein Frankfurt\512.png,\Stuttgart\700.jpg,\Ein Frankfurt\700.jpg,\Stuttgart\s.jpg,"VfB
Stuttgart","Eintracht
Frankfurt",800_1.png,\Stuttgart\s256.png,Mercedes-Benz Arena,FALSE,FALSE,FALSE,TRUE,FALSE,TRUE,FALSE,FALSE
1574406,\Dortmund\512.png,\Schalke 04\512.png,\Dortmund\700.jpg,\Schalke 04\700.jpg,\Dortmund\s.jpg,"Borussia
Dortmund",Schalke 04,800_1.png,\Dortmund\s256.png,SIGNAL IDUNA PARK,FALSE,FALSE,FALSE,TRUE,TRUE,FALSE,FALSE,FALSE
1574398,\Augsburg\512.png,\Bayern Munich\512.png,\Augsburg\700.jpg,\Bayern Munich\700.jpg,\Augsburg\s.jpg,Augsburg,"FC Bayern
München",800_1.png,\Augsburg\s256.png,WWK Arena,TRUE,FALSE,FALSE,FALSE,FALSE,TRUE,FALSE,FALSE
1574399,\Mönchengladbach\512.png,\RasenBallsport Leipzig\512.png,\Mönchengladbach\700.jpg,\RasenBallsport Leipzig\700.jpg,\Mönchengladbach\s.jpg,"Borussia
M'gladbach",RB Leipzig,800_1.png,\Mönchengladbach\s256.png,BORUSSIA-PARK,FALSE,TRUE,FALSE,FALSE,FALSE,FALSE,TRUE,FALSE
1574407,\Bayern Munich\512.png,\Leverkusen\512.png,\Bayern Munich\700.jpg,\Leverkusen\700.jpg,\Bayern Munich\s.jpg,"FC Bayern
München","Bayer 04
Leverkusen",800_1.png,\Bayern Munich\s256.png,Allianz Arena,FALSE,TRUE,FALSE,FALSE,FALSE,TRUE,FALSE,FALSE
1574408,\RasenBallsport Leipzig\512.png,\Bochum\512.png,\RasenBallsport Leipzig\700.jpg,\Bochum\700.jpg,\RasenBallsport Leipzig\s.jpg,RB Leipzig,"VfL
Bochum",800_1.png,\RasenBallsport Leipzig\s256.png,Red Bull Arena,FALSE,FALSE,TRUE,FALSE,FALSE,TRUE,FALSE,FALSE
1574409,\Freiburg\512.png,\Mainz\512.png,\Freiburg\700.jpg,\Mainz\700.jpg,\Freiburg\s.jpg,Freiburg,Mainz,800_1.png,\Freiburg\s256.png,Schwarzwald-Stadion,TRUE,FALSE,FALSE,FALSE,TRUE,FALSE,FALSE,FALSE
1574410,\FC Koln\512.png,\Dortmund\512.png,\FC Koln\700.jpg,\Dortmund\700.jpg,\FC Koln\s.jpg,1.FC Köln,"Borussia
Dortmund",800_1.png,\FC Koln\s256.png,RheinEnergieSTADION,TRUE,FALSE,FALSE,FALSE,FALSE,FALSE,FALSE,TRUE
1574411,\Ein Frankfurt\512.png,\Union Berlin\512.png,\Ein Frankfurt\700.jpg,\Union Berlin\700.jpg,\Ein Frankfurt\s.jpg,"Eintracht
Frankfurt","Union
Berlin",800_1.png,\Ein Frankfurt\s256.png,Deutsche Bank Park,FALSE,TRUE,FALSE,FALSE,FALSE,TRUE,FALSE,FALSE
1574412,\Wolfsburg\512.png,\Stuttgart\512.png,\Wolfsburg\700.jpg,\Stuttgart\700.jpg,\Wolfsburg\s.jpg,"VfL
Wolfsburg","VfB
Stuttgart",800_1.png,\Wolfsburg\s256.png,Volkswagen Arena,FALSE,TRUE,FALSE,FALSE,FALSE,FALSE,FALSE,TRUE
1574413,\Hertha\512.png,\Hoffenheim\512.png,\Hertha\700.jpg,\Hoffenheim\700.jpg,\Hertha\s.jpg,"Hertha
Berlin","TSG
Hoffenheim",800_1.png,\Hertha\s256.png,Olympiastadion Berlin,FALSE,TRUE,FALSE,FALSE,FALSE,TRUE,FALSE,FALSE
1574414,\Schalke 04\512.png,\Augsburg\512.png,\Schalke 04\700.jpg,\Augsburg\700.jpg,\Schalke 04\s.jpg,Schalke 04,Augsburg,800_1.png,\Schalke 04\s256.png,VELTINS-Arena,TRUE,FALSE,FALSE,FALSE,TRUE,FALSE,FALSE,FALSE
1574415,\Werder Bremen\512.png,\Mönchengladbach\512.png,\Werder Bremen\700.jpg,\Mönchengladbach\700.jpg,\Werder Bremen\s.jpg,"Werder
Bremen","Borussia
M'gladbach",800_1.png,\Werder Bremen\s256.png,Wohninvest WESERSTADION,FALSE,TRUE,FALSE,FALSE,FALSE,TRUE,FALSE,FALSE
1574416,\Dortmund\512.png,\Bayern Munich\512.png,\Dortmund\700.jpg,\Bayern Munich\700.jpg,\Dortmund\s.jpg,"Borussia
Dortmund","FC Bayern
München",800_1.png,\Dortmund\s256.png,SIGNAL IDUNA PARK,FALSE,FALSE,FALSE,TRUE,FALSE,TRUE,FALSE,FALSE
1574417,\Leverkusen\512.png,\Schalke 04\512.png,\Leverkusen\700.jpg,\Schalke 04\700.jpg,\Leverkusen\s.jpg,"Bayer 04
Leverkusen",Schalke 04,800_1.png,\Leverkusen\s256.png,BayArena,FALSE,TRUE,FALSE,FALSE,TRUE,FALSE,FALSE,FALSE
1574418,\Mainz\512.png,\RasenBallsport Leipzig\512.png,\Mainz\700.jpg,\RasenBallsport Leipzig\700.jpg,\Mainz\s.jpg,Mainz,RB Leipzig,800_1.png,\Mainz\s256.png,Mewa Arena,TRUE,FALSE,FALSE,FALSE,FALSE,FALSE,TRUE,FALSE
1574419,\Hoffenheim\512.png,\Werder Bremen\512.png,\Hoffenheim\700.jpg,\Werder Bremen\700.jpg,\Hoffenheim\s.jpg,"TSG
Hoffenheim","Werder
Bremen",800_1.png,\Hoffenheim\s256.png,PreZero Arena,FALSE,TRUE,FALSE,FALSE,FALSE,TRUE,FALSE,FALSE
1574420,\Mönchengladbach\512.png,\FC Koln\512.png,\Mönchengladbach\700.jpg,\FC Koln\700.jpg,\Mönchengladbach\s.jpg,"Borussia
M'gladbach",1.FC Köln,800_1.png,\Mönchengladbach\s256.png,BORUSSIA-PARK,FALSE,TRUE,FALSE,FALSE,TRUE,FALSE,FALSE,FALSE
1574421,\Bochum\512.png,\Ein Frankfurt\512.png,\Bochum\700.jpg,\Ein Frankfurt\700.jpg,\Bochum\s.jpg,"VfL
Bochum","Eintracht
Frankfurt",800_1.png,\Bochum\s256.png,Vonovia Ruhrstadion,FALSE,TRUE,FALSE,FALSE,FALSE,TRUE,FALSE,FALSE
1574422,\Augsburg\512.png,\Wolfsburg\512.png,\Augsburg\700.jpg,\Wolfsburg\700.jpg,\Augsburg\s.jpg,Augsburg,"VfL
Wolfsburg",800_1.png,\Augsburg\s256.png,WWK Arena,TRUE,FALSE,FALSE,FALSE,FALSE,TRUE,FALSE,FALSE
1574423,\Stuttgart\512.png,\Union Berlin\512.png,\Stuttgart\700.jpg,\Union Berlin\700.jpg,\Stuttgart\s.jpg,"VfB
Stuttgart","Union
Berlin",800_1.png,\Stuttgart\s256.png,Mercedes-Benz Arena,FALSE,FALSE,FALSE,TRUE,FALSE,TRUE,FALSE,FALSE
1574424,\Hertha\512.png,\Freiburg\512.png,\Hertha\700.jpg,\Freiburg\700.jpg,\Hertha\s.jpg,"Hertha
Berlin",Freiburg,800_1.png,\Hertha\s256.png,Olympiastadion Berlin,FALSE,TRUE,FALSE,FALSE,TRUE,FALSE,FALSE,FALSE
1574425,\Bayern Munich\512.png,\Freiburg\512.png,\Bayern Munich\700.jpg,\Freiburg\700.jpg,\Bayern Munich\s.jpg,"FC Bayern
München",Freiburg,800_1.png,\Bayern Munich\s256.png,Allianz Arena,FALSE,TRUE,FALSE,FALSE,TRUE,FALSE,FALSE,FALSE
1574426,\RasenBallsport Leipzig\512.png,\Hertha\512.png,\RasenBallsport Leipzig\700.jpg,\Hertha\700.jpg,\RasenBallsport Leipzig\s.jpg,RB Leipzig,"Hertha
Berlin",800_1.png,\RasenBallsport Leipzig\s256.png,Red Bull Arena,FALSE,FALSE,TRUE,FALSE,FALSE,TRUE,FALSE,FALSE
1574427,\Union Berlin\512.png,\Dortmund\512.png,\Union Berlin\700.jpg,\Dortmund\700.jpg,\Union Berlin\s.jpg,"Union
Berlin","Borussia
Dortmund",800_1.png,\Union Berlin\s256.png,An der Alten Försterei,FALSE,TRUE,FALSE,FALSE,FALSE,FALSE,FALSE,TRUE
1574428,\FC Koln\512.png,\Augsburg\512.png,\FC Koln\700.jpg,\Augsburg\700.jpg,\FC Koln\s.jpg,1.FC Köln,Augsburg,800_1.png,\FC Koln\s256.png,RheinEnergieSTADION,TRUE,FALSE,FALSE,FALSE,TRUE,FALSE,FALSE,FALSE
1574429,\Ein Frankfurt\512.png,\Leverkusen\512.png,\Ein Frankfurt\700.jpg,\Leverkusen\700.jpg,\Ein Frankfurt\s.jpg,"Eintracht
Frankfurt","Bayer 04
Leverkusen",800_1.png,\Ein Frankfurt\s256.png,Deutsche Bank Park,FALSE,TRUE,FALSE,FALSE,FALSE,TRUE,FALSE,FALSE
1574430,\Wolfsburg\512.png,\Mönchengladbach\512.png,\Wolfsburg\700.jpg,\Mönchengladbach\700.jpg,\Wolfsburg\s.jpg,"VfL
Wolfsburg","Borussia
M'gladbach",800_1.png,\Wolfsburg\s256.png,Volkswagen Arena,FALSE,TRUE,FALSE,FALSE,FALSE,TRUE,FALSE,FALSE
1574431,\Stuttgart\512.png,\Bochum\512.png,\Stuttgart\700.jpg,\Bochum\700.jpg,\Stuttgart\s.jpg,"VfB
Stuttgart","VfL
Bochum",800_1.png,\Stuttgart\s256.png,Mercedes-Benz Arena,FALSE,FALSE,FALSE,TRUE,FALSE,TRUE,FALSE,FALSE
1574432,\Schalke 04\512.png,\Hoffenheim\512.png,\Schalke 04\700.jpg,\Hoffenheim\700.jpg,\Schalke 04\s.jpg,Schalke 04,"TSG
Hoffenheim",800_1.png,\Schalke 04\s256.png,VELTINS-Arena,TRUE,FALSE,FALSE,FALSE,FALSE,TRUE,FALSE,FALSE
1574433,\Werder Bremen\512.png,\Mainz\512.png,\Werder Bremen\700.jpg,\Mainz\700.jpg,\Werder Bremen\s.jpg,"Werder
Bremen",Mainz,800_1.png,\Werder Bremen\s256.png,Wohninvest WESERSTADION,FALSE,TRUE,FALSE,FALSE,TRUE,FALSE,FALSE,FALSE
1574434,\Dortmund\512.png,\Stuttgart\512.png,\Dortmund\700.jpg,\Stuttgart\700.jpg,\Dortmund\s.jpg,"Borussia
Dortmund","VfB
Stuttgart",800_1.png,\Dortmund\s256.png,SIGNAL IDUNA PARK,FALSE,FALSE,FALSE,TRUE,FALSE,FALSE,FALSE,TRUE
1574435,\Leverkusen\512.png,\Wolfsburg\512.png,\Leverkusen\700.jpg,\Wolfsburg\700.jpg,\Leverkusen\s.jpg,"Bayer 04
Leverkusen","VfL
Wolfsburg",800_1.png,\Leverkusen\s256.png,BayArena,FALSE,TRUE,FALSE,FALSE,FALSE,TRUE,FALSE,FALSE
1574436,\Freiburg\512.png,\Werder Bremen\512.png,\Freiburg\700.jpg,\Werder Bremen\700.jpg,\Freiburg\s.jpg,Freiburg,"Werder
Bremen",800_1.png,\Freiburg\s256.png,Schwarzwald-Stadion,TRUE,FALSE,FALSE,FALSE,FALSE,TRUE,FALSE,FALSE
1574437,\Mainz\512.png,\FC Koln\512.png,\Mainz\700.jpg,\FC Koln\700.jpg,\Mainz\s.jpg,Mainz,1.FC Köln,800_1.png,\Mainz\s256.png,Mewa Arena,TRUE,FALSE,FALSE,FALSE,TRUE,FALSE,FALSE,FALSE
1574438,\Hoffenheim\512.png,\Bayern Munich\512.png,\Hoffenheim\700.jpg,\Bayern Munich\700.jpg,\Hoffenheim\s.jpg,"TSG
Hoffenheim","FC Bayern
München",800_1.png,\Hoffenheim\s256.png,PreZero Arena,FALSE,TRUE,FALSE,FALSE,FALSE,TRUE,FALSE,FALSE
1574439,\Mönchengladbach\512.png,\Ein Frankfurt\512.png,\Mönchengladbach\700.jpg,\Ein Frankfurt\700.jpg,\Mönchengladbach\s.jpg,"Borussia
M'gladbach","Eintracht
Frankfurt",800_1.png,\Mönchengladbach\s256.png,BORUSSIA-PARK,FALSE,TRUE,FALSE,FALSE,FALSE,TRUE,FALSE,FALSE
1574440,\Bochum\512.png,\Union Berlin\512.png,\Bochum\700.jpg,\Union Berlin\700.jpg,\Bochum\s.jpg,"VfL
Bochum","Union
Berlin",800_1.png,\Bochum\s256.png,Vonovia Ruhrstadion,FALSE,TRUE,FALSE,FALSE,FALSE,TRUE,FALSE,FALSE
1574441,\Augsburg\512.png,\RasenBallsport Leipzig\512.png,\Augsburg\700.jpg,\RasenBallsport Leipzig\700.jpg,\Augsburg\s.jpg,Augsburg,RB Leipzig,800_1.png,\Augsburg\s256.png,WWK Arena,TRUE,FALSE,FALSE,FALSE,FALSE,FALSE,TRUE,FALSE
1574442,\Hertha\512.png,\Schalke 04\512.png,\Hertha\700.jpg,\Schalke 04\700.jpg,\Hertha\s.jpg,"Hertha
Berlin",Schalke 04,800_1.png,\Hertha\s256.png,Olympiastadion Berlin,FALSE,TRUE,FALSE,FALSE,TRUE,FALSE,FALSE,FALSE
1574443,\Bayern Munich\512.png,\Mainz\512.png,\Bayern Munich\700.jpg,\Mainz\700.jpg,\Bayern Munich\s.jpg,"FC Bayern
München",Mainz,800_1.png,\Bayern Munich\s256.png,Allianz Arena,FALSE,TRUE,FALSE,FALSE,TRUE,FALSE,FALSE,FALSE
1574444,\RasenBallsport Leipzig\512.png,\Leverkusen\512.png,\RasenBallsport Leipzig\700.jpg,\Leverkusen\700.jpg,\RasenBallsport Leipzig\s.jpg,RB Leipzig,"Bayer 04
Leverkusen",800_1.png,\RasenBallsport Leipzig\s256.png,Red Bull Arena,FALSE,FALSE,TRUE,FALSE,FALSE,TRUE,FALSE,FALSE
1574445,\Union Berlin\512.png,\Mönchengladbach\512.png,\Union Berlin\700.jpg,\Mönchengladbach\700.jpg,\Union Berlin\s.jpg,"Union
Berlin","Borussia
M'gladbach",800_1.png,\Union Berlin\s256.png,An der Alten Försterei,FALSE,TRUE,FALSE,FALSE,FALSE,TRUE,FALSE,FALSE
1574446,\FC Koln\512.png,\Hoffenheim\512.png,\FC Koln\700.jpg,\Hoffenheim\700.jpg,\FC Koln\s.jpg,1.FC Köln,"TSG
Hoffenheim",800_1.png,\FC Koln\s256.png,RheinEnergieSTADION,TRUE,FALSE,FALSE,FALSE,FALSE,TRUE,FALSE,FALSE
1574447,\Ein Frankfurt\512.png,\Dortmund\512.png,\Ein Frankfurt\700.jpg,\Dortmund\700.jpg,\Ein Frankfurt\s.jpg,"Eintracht
Frankfurt","Borussia
Dortmund",800_1.png,\Ein Frankfurt\s256.png,Deutsche Bank Park,FALSE,TRUE,FALSE,FALSE,FALSE,FALSE,FALSE,TRUE
1574448,\Wolfsburg\512.png,\Bochum\512.png,\Wolfsburg\700.jpg,\Bochum\700.jpg,\Wolfsburg\s.jpg,"VfL
Wolfsburg","VfL
Bochum",800_1.png,\Wolfsburg\s256.png,Volkswagen Arena,FALSE,TRUE,FALSE,FALSE,FALSE,TRUE,FALSE,FALSE
1574449,\Stuttgart\512.png,\Augsburg\512.png,\Stuttgart\700.jpg,\Augsburg\700.jpg,\Stuttgart\s.jpg,"VfB
Stuttgart",Augsburg,800_1.png,\Stuttgart\s256.png,Mercedes-Benz Arena,FALSE,FALSE,FALSE,TRUE,TRUE,FALSE,FALSE,FALSE
1574450,\Schalke 04\512.png,\Freiburg\512.png,\Schalke 04\700.jpg,\Freiburg\700.jpg,\Schalke 04\s.jpg,Schalke 04,Freiburg,800_1.png,\Schalke 04\s256.png,VELTINS-Arena,TRUE,FALSE,FALSE,FALSE,TRUE,FALSE,FALSE,FALSE
1574451,\Werder Bremen\512.png,\Hertha\512.png,\Werder Bremen\700.jpg,\Hertha\700.jpg,\Werder Bremen\s.jpg,"Werder
Bremen","Hertha
Berlin",800_1.png,\Werder Bremen\s256.png,Wohninvest WESERSTADION,FALSE,TRUE,FALSE,FALSE,FALSE,TRUE,FALSE,FALSE
1574452,\Dortmund\512.png,\Bochum\512.png,\Dortmund\700.jpg,\Bochum\700.jpg,\Dortmund\s.jpg,"Borussia
Dortmund","VfL
Bochum",800_1.png,\Dortmund\s256.png,SIGNAL IDUNA PARK,FALSE,FALSE,FALSE,TRUE,FALSE,TRUE,FALSE,FALSE
1574453,\Leverkusen\512.png,\Union Berlin\512.png,\Leverkusen\700.jpg,\Union Berlin\700.jpg,\Leverkusen\s.jpg,"Bayer 04
Leverkusen","Union
Berlin",800_1.png,\Leverkusen\s256.png,BayArena,FALSE,TRUE,FALSE,FALSE,FALSE,TRUE,FALSE,FALSE
1574454,\Freiburg\512.png,\FC Koln\512.png,\Freiburg\700.jpg,\FC Koln\700.jpg,\Freiburg\s.jpg,Freiburg,1.FC Köln,800_1.png,\Freiburg\s256.png,Schwarzwald-Stadion,TRUE,FALSE,FALSE,FALSE,TRUE,FALSE,FALSE,FALSE
1574455,\Mainz\512.png,\Wolfsburg\512.png,\Mainz\700.jpg,\Wolfsburg\700.jpg,\Mainz\s.jpg,Mainz,"VfL
Wolfsburg",800_1.png,\Mainz\s256.png,Mewa Arena,TRUE,FALSE,FALSE,FALSE,FALSE,TRUE,FALSE,FALSE
1574456,\Hoffenheim\512.png,\RasenBallsport Leipzig\512.png,\Hoffenheim\700.jpg,\RasenBallsport Leipzig\700.jpg,\Hoffenheim\s.jpg,"TSG
Hoffenheim",RB Leipzig,800_1.png,\Hoffenheim\s256.png,PreZero Arena,FALSE,TRUE,FALSE,FALSE,FALSE,FALSE,TRUE,FALSE
1574457,\Mönchengladbach\512.png,\Stuttgart\512.png,\Mönchengladbach\700.jpg,\Stuttgart\700.jpg,\Mönchengladbach\s.jpg,"Borussia
M'gladbach","VfB
Stuttgart",800_1.png,\Mönchengladbach\s256.png,BORUSSIA-PARK,FALSE,TRUE,FALSE,FALSE,FALSE,FALSE,FALSE,TRUE
1574458,\Augsburg\512.png,\Ein Frankfurt\512.png,\Augsburg\700.jpg,\Ein Frankfurt\700.jpg,\Augsburg\s.jpg,Augsburg,"Eintracht
Frankfurt",800_1.png,\Augsburg\s256.png,WWK Arena,TRUE,FALSE,FALSE,FALSE,FALSE,TRUE,FALSE,FALSE
1574459,\Hertha\512.png,\Bayern Munich\512.png,\Hertha\700.jpg,\Bayern Munich\700.jpg,\Hertha\s.jpg,"Hertha
Berlin","FC Bayern
München",800_1.png,\Hertha\s256.png,Olympiastadion Berlin,FALSE,TRUE,FALSE,FALSE,FALSE,TRUE,FALSE,FALSE
1574460,\Werder Bremen\512.png,\Schalke 04\512.png,\Werder Bremen\700.jpg,\Schalke 04\700.jpg,\Werder Bremen\s.jpg,"Werder
Bremen",Schalke 04,800_1.png,\Werder Bremen\s256.png,Wohninvest WESERSTADION,FALSE,TRUE,FALSE,FALSE,TRUE,FALSE,FALSE,FALSE
1574461,\Bayern Munich\512.png,\Werder Bremen\512.png,\Bayern Munich\700.jpg,\Werder Bremen\700.jpg,\Bayern Munich\s.jpg,"FC Bayern
München","Werder
Bremen",800_1.png,\Bayern Munich\s256.png,Allianz Arena,FALSE,TRUE,FALSE,FALSE,FALSE,TRUE,FALSE,FALSE
1574462,\RasenBallsport Leipzig\512.png,\Freiburg\512.png,\RasenBallsport Leipzig\700.jpg,\Freiburg\700.jpg,\RasenBallsport Leipzig\s.jpg,RB Leipzig,Freiburg,800_1.png,\RasenBallsport Leipzig\s256.png,Red Bull Arena,FALSE,FALSE,TRUE,FALSE,TRUE,FALSE,FALSE,FALSE
1574463,\Union Berlin\512.png,\Augsburg\512.png,\Union Berlin\700.jpg,\Augsburg\700.jpg,\Union Berlin\s.jpg,"Union
Berlin",Augsburg,800_1.png,\Union Berlin\s256.png,An der Alten Försterei,FALSE,TRUE,FALSE,FALSE,TRUE,FALSE,FALSE,FALSE
1574464,\FC Koln\512.png,\Leverkusen\512.png,\FC Koln\700.jpg,\Leverkusen\700.jpg,\FC Koln\s.jpg,1.FC Köln,"Bayer 04
Leverkusen",800_1.png,\FC Koln\s256.png,RheinEnergieSTADION,TRUE,FALSE,FALSE,FALSE,FALSE,TRUE,FALSE,FALSE
1574465,\Ein Frankfurt\512.png,\Hoffenheim\512.png,\Ein Frankfurt\700.jpg,\Hoffenheim\700.jpg,\Ein Frankfurt\s.jpg,"Eintracht
Frankfurt","TSG
Hoffenheim",800_1.png,\Ein Frankfurt\s256.png,Deutsche Bank Park,FALSE,TRUE,FALSE,FALSE,FALSE,TRUE,FALSE,FALSE
1574466,\Wolfsburg\512.png,\Dortmund\512.png,\Wolfsburg\700.jpg,\Dortmund\700.jpg,\Wolfsburg\s.jpg,"VfL
Wolfsburg","Borussia
Dortmund",800_1.png,\Wolfsburg\s256.png,Volkswagen Arena,FALSE,TRUE,FALSE,FALSE,FALSE,FALSE,FALSE,TRUE
1574467,\Bochum\512.png,\Mönchengladbach\512.png,\Bochum\700.jpg,\Mönchengladbach\700.jpg,\Bochum\s.jpg,"VfL
Bochum","Borussia
M'gladbach",800_1.png,\Bochum\s256.png,Vonovia Ruhrstadion,FALSE,TRUE,FALSE,FALSE,FALSE,TRUE,FALSE,FALSE
1574468,\Stuttgart\512.png,\Hertha\512.png,\Stuttgart\700.jpg,\Hertha\700.jpg,\Stuttgart\s.jpg,"VfB
Stuttgart","Hertha
Berlin",800_1.png,\Stuttgart\s256.png,Mercedes-Benz Arena,FALSE,FALSE,FALSE,TRUE,FALSE,TRUE,FALSE,FALSE
1574469,\Schalke 04\512.png,\Mainz\512.png,\Schalke 04\700.jpg,\Mainz\700.jpg,\Schalke 04\s.jpg,Schalke 04,Mainz,800_1.png,\Schalke 04\s256.png,VELTINS-Arena,TRUE,FALSE,FALSE,FALSE,TRUE,FALSE,FALSE,FALSE
1574470,\Leverkusen\512.png,\Stuttgart\512.png,\Leverkusen\700.jpg,\Stuttgart\700.jpg,\Leverkusen\s.jpg,"Bayer 04
Leverkusen","VfB
Stuttgart",800_1.png,\Leverkusen\s256.png,BayArena,FALSE,TRUE,FALSE,FALSE,FALSE,FALSE,FALSE,TRUE
1574471,\Freiburg\512.png,\Union Berlin\512.png,\Freiburg\700.jpg,\Union Berlin\700.jpg,\Freiburg\s.jpg,Freiburg,"Union
Berlin",800_1.png,\Freiburg\s256.png,Schwarzwald-Stadion,TRUE,FALSE,FALSE,FALSE,FALSE,TRUE,FALSE,FALSE
1574472,\Mainz\512.png,\Ein Frankfurt\512.png,\Mainz\700.jpg,\Ein Frankfurt\700.jpg,\Mainz\s.jpg,Mainz,"Eintracht
Frankfurt",800_1.png,\Mainz\s256.png,Mewa Arena,TRUE,FALSE,FALSE,FALSE,FALSE,TRUE,FALSE,FALSE
1574473,\Hoffenheim\512.png,\Wolfsburg\512.png,\Hoffenheim\700.jpg,\Wolfsburg\700.jpg,\Hoffenheim\s.jpg,"TSG
Hoffenheim","VfL
Wolfsburg",800_1.png,\Hoffenheim\s256.png,PreZero Arena,FALSE,TRUE,FALSE,FALSE,FALSE,TRUE,FALSE,FALSE
1574474,\Mönchengladbach\512.png,\Dortmund\512.png,\Mönchengladbach\700.jpg,\Dortmund\700.jpg,\Mönchengladbach\s.jpg,"Borussia
M'gladbach","Borussia
Dortmund",800_1.png,\Mönchengladbach\s256.png,BORUSSIA-PARK,FALSE,TRUE,FALSE,FALSE,FALSE,FALSE,FALSE,TRUE
1574475,\Augsburg\512.png,\Bochum\512.png,\Augsburg\700.jpg,\Bochum\700.jpg,\Augsburg\s.jpg,Augsburg,"VfL
Bochum",800_1.png,\Augsburg\s256.png,WWK Arena,TRUE,FALSE,FALSE,FALSE,FALSE,TRUE,FALSE,FALSE
1574476,\Hertha\512.png,\FC Koln\512.png,\Hertha\700.jpg,\FC Koln\700.jpg,\Hertha\s.jpg,"Hertha
Berlin",1.FC Köln,800_1.png,\Hertha\s256.png,Olympiastadion Berlin,FALSE,TRUE,FALSE,FALSE,TRUE,FALSE,FALSE,FALSE
1574477,\Schalke 04\512.png,\Bayern Munich\512.png,\Schalke 04\700.jpg,\Bayern Munich\700.jpg,\Schalke 04\s.jpg,Schalke 04,"FC Bayern
München",800_1.png,\Schalke 04\s256.png,VELTINS-Arena,TRUE,FALSE,FALSE,FALSE,FALSE,TRUE,FALSE,FALSE
1574478,\Werder Bremen\512.png,\RasenBallsport Leipzig\512.png,\Werder Bremen\700.jpg,\RasenBallsport Leipzig\700.jpg,\Werder Bremen\s.jpg,"Werder
Bremen",RB Leipzig,800_1.png,\Werder Bremen\s256.png,Wohninvest WESERSTADION,FALSE,TRUE,FALSE,FALSE,FALSE,FALSE,TRUE,FALSE
1574479,\Dortmund\512.png,\Augsburg\512.png,\Dortmund\700.jpg,\Augsburg\700.jpg,\Dortmund\s.jpg,"Borussia
Dortmund",Augsburg,800_1.png,\Dortmund\s256.png,SIGNAL IDUNA PARK,FALSE,FALSE,FALSE,TRUE,TRUE,FALSE,FALSE,FALSE
1574480,\RasenBallsport Leipzig\512.png,\Bayern Munich\512.png,\RasenBallsport Leipzig\700.jpg,\Bayern Munich\700.jpg,\RasenBallsport Leipzig\s.jpg,RB Leipzig,"FC Bayern
München",800_1.png,\RasenBallsport Leipzig\s256.png,Red Bull Arena,FALSE,FALSE,TRUE,FALSE,FALSE,TRUE,FALSE,FALSE
1574481,\Union Berlin\512.png,\Hoffenheim\512.png,\Union Berlin\700.jpg,\Hoffenheim\700.jpg,\Union Berlin\s.jpg,"Union
Berlin","TSG
Hoffenheim",800_1.png,\Union Berlin\s256.png,An der Alten Försterei,FALSE,TRUE,FALSE,FALSE,FALSE,TRUE,FALSE,FALSE
1574482,\FC Koln\512.png,\Werder Bremen\512.png,\FC Koln\700.jpg,\Werder Bremen\700.jpg,\FC Koln\s.jpg,1.FC Köln,"Werder
Bremen",800_1.png,\FC Koln\s256.png,RheinEnergieSTADION,TRUE,FALSE,FALSE,FALSE,FALSE,TRUE,FALSE,FALSE
1574483,\Mönchengladbach\512.png,\Leverkusen\512.png,\Mönchengladbach\700.jpg,\Leverkusen\700.jpg,\Mönchengladbach\s.jpg,"Borussia
M'gladbach","Bayer 04
Leverkusen",800_1.png,\Mönchengladbach\s256.png,BORUSSIA-PARK,FALSE,TRUE,FALSE,FALSE,FALSE,TRUE,FALSE,FALSE
1574484,\Ein Frankfurt\512.png,\Schalke 04\512.png,\Ein Frankfurt\700.jpg,\Schalke 04\700.jpg,\Ein Frankfurt\s.jpg,"Eintracht
Frankfurt",Schalke 04,800_1.png,\Ein Frankfurt\s256.png,Deutsche Bank Park,FALSE,TRUE,FALSE,FALSE,TRUE,FALSE,FALSE,FALSE
1574485,\Wolfsburg\512.png,\Freiburg\512.png,\Wolfsburg\700.jpg,\Freiburg\700.jpg,\Wolfsburg\s.jpg,"VfL
Wolfsburg",Freiburg,800_1.png,\Wolfsburg\s256.png,Volkswagen Arena,FALSE,TRUE,FALSE,FALSE,TRUE,FALSE,FALSE,FALSE
1574486,\Bochum\512.png,\Hertha\512.png,\Bochum\700.jpg,\Hertha\700.jpg,\Bochum\s.jpg,"VfL
Bochum","Hertha
Berlin",800_1.png,\Bochum\s256.png,Vonovia Ruhrstadion,FALSE,TRUE,FALSE,FALSE,FALSE,TRUE,FALSE,FALSE
1574487,\Stuttgart\512.png,\Mainz\512.png,\Stuttgart\700.jpg,\Mainz\700.jpg,\Stuttgart\s.jpg,"VfB
Stuttgart",Mainz,800_1.png,\Stuttgart\s256.png,Mercedes-Benz Arena,FALSE,FALSE,FALSE,TRUE,TRUE,FALSE,FALSE,FALSE
1574488,\Bayern Munich\512.png,\FC Koln\512.png,\Bayern Munich\700.jpg,\FC Koln\700.jpg,\Bayern Munich\s.jpg,"FC Bayern
München",1.FC Köln,800_1.png,\Bayern Munich\s256.png,Allianz Arena,FALSE,TRUE,FALSE,FALSE,TRUE,FALSE,FALSE,FALSE
1574489,\Leverkusen\512.png,\Bochum\512.png,\Leverkusen\700.jpg,\Bochum\700.jpg,\Leverkusen\s.jpg,"Bayer 04
Leverkusen","VfL
Bochum",800_1.png,\Leverkusen\s256.png,BayArena,FALSE,TRUE,FALSE,FALSE,FALSE,TRUE,FALSE,FALSE
1574490,\Freiburg\512.png,\Ein Frankfurt\512.png,\Freiburg\700.jpg,\Ein Frankfurt\700.jpg,\Freiburg\s.jpg,Freiburg,"Eintracht
Frankfurt",800_1.png,\Freiburg\s256.png,Schwarzwald-Stadion,TRUE,FALSE,FALSE,FALSE,FALSE,TRUE,FALSE,FALSE
1574491,\Mainz\512.png,\Dortmund\512.png,\Mainz\700.jpg,\Dortmund\700.jpg,\Mainz\s.jpg,Mainz,"Borussia
Dortmund",800_1.png,\Mainz\s256.png,Mewa Arena,TRUE,FALSE,FALSE,FALSE,FALSE,FALSE,FALSE,TRUE
1574492,\Hoffenheim\512.png,\Stuttgart\512.png,\Hoffenheim\700.jpg,\Stuttgart\700.jpg,\Hoffenheim\s.jpg,"TSG
Hoffenheim","VfB
Stuttgart",800_1.png,\Hoffenheim\s256.png,PreZero Arena,FALSE,TRUE,FALSE,FALSE,FALSE,FALSE,FALSE,TRUE
1574493,\Augsburg\512.png,\Mönchengladbach\512.png,\Augsburg\700.jpg,\Mönchengladbach\700.jpg,\Augsburg\s.jpg,Augsburg,"Borussia
M'gladbach",800_1.png,\Augsburg\s256.png,WWK Arena,TRUE,FALSE,FALSE,FALSE,FALSE,TRUE,FALSE,FALSE
1574494,\Hertha\512.png,\Wolfsburg\512.png,\Hertha\700.jpg,\Wolfsburg\700.jpg,\Hertha\s.jpg,"Hertha
Berlin","VfL
Wolfsburg",800_1.png,\Hertha\s256.png,Olympiastadion Berlin,FALSE,TRUE,FALSE,FALSE,FALSE,TRUE,FALSE,FALSE
1574495,\Schalke 04\512.png,\RasenBallsport Leipzig\512.png,\Schalke 04\700.jpg,\RasenBallsport Leipzig\700.jpg,\Schalke 04\s.jpg,Schalke 04,RB Leipzig,800_1.png,\Schalke 04\s256.png,VELTINS-Arena,TRUE,FALSE,FALSE,FALSE,FALSE,FALSE,TRUE,FALSE
1574496,\Werder Bremen\512.png,\Union Berlin\512.png,\Werder Bremen\700.jpg,\Union Berlin\700.jpg,\Werder Bremen\s.jpg,"Werder
Bremen","Union
Berlin",800_1.png,\Werder Bremen\s256.png,Wohninvest WESERSTADION,FALSE,TRUE,FALSE,FALSE,FALSE,TRUE,FALSE,FALSE
1574497,\Bayern Munich\512.png,\Ein Frankfurt\512.png,\Bayern Munich\700.jpg,\Ein Frankfurt\700.jpg,\Bayern Munich\s.jpg,"FC Bayern
München","Eintracht
Frankfurt",800_1.png,\Bayern Munich\s256.png,Allianz Arena,FALSE,TRUE,FALSE,FALSE,FALSE,TRUE,FALSE,FALSE
1574498,\Leverkusen\512.png,\Dortmund\512.png,\Leverkusen\700.jpg,\Dortmund\700.jpg,\Leverkusen\s.jpg,"Bayer 04
Leverkusen","Borussia
Dortmund",800_1.png,\Leverkusen\s256.png,BayArena,FALSE,TRUE,FALSE,FALSE,FALSE,FALSE,FALSE,TRUE
1574499,\RasenBallsport Leipzig\512.png,\Stuttgart\512.png,\RasenBallsport Leipzig\700.jpg,\Stuttgart\700.jpg,\RasenBallsport Leipzig\s.jpg,RB Leipzig,"VfB
Stuttgart",800_1.png,\RasenBallsport Leipzig\s256.png,Red Bull Arena,FALSE,FALSE,TRUE,FALSE,FALSE,FALSE,FALSE,TRUE
1574500,\Freiburg\512.png,\Augsburg\512.png,\Freiburg\700.jpg,\Augsburg\700.jpg,\Freiburg\s.jpg,Freiburg,Augsburg,800_1.png,\Freiburg\s256.png,Schwarzwald-Stadion,TRUE,FALSE,FALSE,FALSE,TRUE,FALSE,FALSE,FALSE
1574501,\Mainz\512.png,\Bochum\512.png,\Mainz\700.jpg,\Bochum\700.jpg,\Mainz\s.jpg,Mainz,"VfL
Bochum",800_1.png,\Mainz\s256.png,Mewa Arena,TRUE,FALSE,FALSE,FALSE,FALSE,TRUE,FALSE,FALSE
1574502,\Hoffenheim\512.png,\Mönchengladbach\512.png,\Hoffenheim\700.jpg,\Mönchengladbach\700.jpg,\Hoffenheim\s.jpg,"TSG
Hoffenheim","Borussia
M'gladbach",800_1.png,\Hoffenheim\s256.png,PreZero Arena,FALSE,TRUE,FALSE,FALSE,FALSE,TRUE,FALSE,FALSE
1574503,\Hertha\512.png,\Union Berlin\512.png,\Hertha\700.jpg,\Union Berlin\700.jpg,\Hertha\s.jpg,"Hertha
Berlin","Union
Berlin",800_1.png,\Hertha\s256.png,Olympiastadion Berlin,FALSE,TRUE,FALSE,FALSE,FALSE,TRUE,FALSE,FALSE
1574504,\Schalke 04\512.png,\FC Koln\512.png,\Schalke 04\700.jpg,\FC Koln\700.jpg,\Schalke 04\s.jpg,Schalke 04,1.FC Köln,800_1.png,\Schalke 04\s256.png,VELTINS-Arena,TRUE,FALSE,FALSE,FALSE,TRUE,FALSE,FALSE,FALSE
1574505,\Werder Bremen\512.png,\Wolfsburg\512.png,\Werder Bremen\700.jpg,\Wolfsburg\700.jpg,\Werder Bremen\s.jpg,"Werder
Bremen","VfL
Wolfsburg",800_1.png,\Werder Bremen\s256.png,Wohninvest WESERSTADION,FALSE,TRUE,FALSE,FALSE,FALSE,TRUE,FALSE,FALSE
1574506,\Dortmund\512.png,\Freiburg\512.png,\Dortmund\700.jpg,\Freiburg\700.jpg,\Dortmund\s.jpg,"Borussia
Dortmund",Freiburg,800_1.png,\Dortmund\s256.png,SIGNAL IDUNA PARK,FALSE,FALSE,FALSE,TRUE,TRUE,FALSE,FALSE,FALSE
1574507,\Union Berlin\512.png,\Mainz\512.png,\Union Berlin\700.jpg,\Mainz\700.jpg,\Union Berlin\s.jpg,"Union
Berlin",Mainz,800_1.png,\Union Berlin\s256.png,An der Alten Försterei,FALSE,TRUE,FALSE,FALSE,TRUE,FALSE,FALSE,FALSE
1574508,\FC Koln\512.png,\RasenBallsport Leipzig\512.png,\FC Koln\700.jpg,\RasenBallsport Leipzig\700.jpg,\FC Koln\s.jpg,1.FC Köln,RB Leipzig,800_1.png,\FC Koln\s256.png,RheinEnergieSTADION,TRUE,FALSE,FALSE,FALSE,FALSE,FALSE,TRUE,FALSE
1574509,\Mönchengladbach\512.png,\Schalke 04\512.png,\Mönchengladbach\700.jpg,\Schalke 04\700.jpg,\Mönchengladbach\s.jpg,"Borussia
M'gladbach",Schalke 04,800_1.png,\Mönchengladbach\s256.png,BORUSSIA-PARK,FALSE,TRUE,FALSE,FALSE,TRUE,FALSE,FALSE,FALSE
1574510,\Ein Frankfurt\512.png,\Hertha\512.png,\Ein Frankfurt\700.jpg,\Hertha\700.jpg,\Ein Frankfurt\s.jpg,"Eintracht
Frankfurt","Hertha
Berlin",800_1.png,\Ein Frankfurt\s256.png,Deutsche Bank Park,FALSE,TRUE,FALSE,FALSE,FALSE,TRUE,FALSE,FALSE
1574511,\Wolfsburg\512.png,\Bayern Munich\512.png,\Wolfsburg\700.jpg,\Bayern Munich\700.jpg,\Wolfsburg\s.jpg,"VfL
Wolfsburg","FC Bayern
München",800_1.png,\Wolfsburg\s256.png,Volkswagen Arena,FALSE,TRUE,FALSE,FALSE,FALSE,TRUE,FALSE,FALSE
1574512,\Bochum\512.png,\Hoffenheim\512.png,\Bochum\700.jpg,\Hoffenheim\700.jpg,\Bochum\s.jpg,"VfL
Bochum","TSG
Hoffenheim",800_1.png,\Bochum\s256.png,Vonovia Ruhrstadion,FALSE,TRUE,FALSE,FALSE,FALSE,TRUE,FALSE,FALSE
1574513,\Augsburg\512.png,\Leverkusen\512.png,\Augsburg\700.jpg,\Leverkusen\700.jpg,\Augsburg\s.jpg,Augsburg,"Bayer 04
Leverkusen",800_1.png,\Augsburg\s256.png,WWK Arena,TRUE,FALSE,FALSE,FALSE,FALSE,TRUE,FALSE,FALSE
1574514,\Stuttgart\512.png,\Werder Bremen\512.png,\Stuttgart\700.jpg,\Werder Bremen\700.jpg,\Stuttgart\s.jpg,"VfB
Stuttgart","Werder
Bremen",800_1.png,\Stuttgart\s256.png,Mercedes-Benz Arena,FALSE,FALSE,FALSE,TRUE,FALSE,TRUE,FALSE,FALSE
1574515,\Bayern Munich\512.png,\Bochum\512.png,\Bayern Munich\700.jpg,\Bochum\700.jpg,\Bayern Munich\s.jpg,"FC Bayern
München","VfL
Bochum",800_1.png,\Bayern Munich\s256.png,Allianz Arena,FALSE,TRUE,FALSE,FALSE,FALSE,TRUE,FALSE,FALSE
1574516,\RasenBallsport Leipzig\512.png,\Union Berlin\512.png,\RasenBallsport Leipzig\700.jpg,\Union Berlin\700.jpg,\RasenBallsport Leipzig\s.jpg,RB Leipzig,"Union
Berlin",800_1.png,\RasenBallsport Leipzig\s256.png,Red Bull Arena,FALSE,FALSE,TRUE,FALSE,FALSE,TRUE,FALSE,FALSE
1574517,\Freiburg\512.png,\Stuttgart\512.png,\Freiburg\700.jpg,\Stuttgart\700.jpg,\Freiburg\s.jpg,Freiburg,"VfB
Stuttgart",800_1.png,\Freiburg\s256.png,Schwarzwald-Stadion,TRUE,FALSE,FALSE,FALSE,FALSE,FALSE,FALSE,TRUE
1574518,\FC Koln\512.png,\Ein Frankfurt\512.png,\FC Koln\700.jpg,\Ein Frankfurt\700.jpg,\FC Koln\s.jpg,1.FC Köln,"Eintracht
Frankfurt",800_1.png,\FC Koln\s256.png,RheinEnergieSTADION,TRUE,FALSE,FALSE,FALSE,FALSE,TRUE,FALSE,FALSE
1574519,\Mainz\512.png,\Augsburg\512.png,\Mainz\700.jpg,\Augsburg\700.jpg,\Mainz\s.jpg,Mainz,Augsburg,800_1.png,\Mainz\s256.png,Mewa Arena,TRUE,FALSE,FALSE,FALSE,TRUE,FALSE,FALSE,FALSE
1574520,\Hoffenheim\512.png,\Leverkusen\512.png,\Hoffenheim\700.jpg,\Leverkusen\700.jpg,\Hoffenheim\s.jpg,"TSG
Hoffenheim","Bayer 04
Leverkusen",800_1.png,\Hoffenheim\s256.png,PreZero Arena,FALSE,TRUE,FALSE,FALSE,FALSE,TRUE,FALSE,FALSE
1574521,\Hertha\512.png,\Mönchengladbach\512.png,\Hertha\700.jpg,\Mönchengladbach\700.jpg,\Hertha\s.jpg,"Hertha
Berlin","Borussia
M'gladbach",800_1.png,\Hertha\s256.png,Olympiastadion Berlin,FALSE,TRUE,FALSE,FALSE,FALSE,TRUE,FALSE,FALSE
1574522,\Schalke 04\512.png,\Wolfsburg\512.png,\Schalke 04\700.jpg,\Wolfsburg\700.jpg,\Schalke 04\s.jpg,Schalke 04,"VfL
Wolfsburg",800_1.png,\Schalke 04\s256.png,VELTINS-Arena,TRUE,FALSE,FALSE,FALSE,FALSE,TRUE,FALSE,FALSE
1574523,\Werder Bremen\512.png,\Dortmund\512.png,\Werder Bremen\700.jpg,\Dortmund\700.jpg,\Werder Bremen\s.jpg,"Werder
Bremen","Borussia
Dortmund",800_1.png,\Werder Bremen\s256.png,Wohninvest WESERSTADION,FALSE,TRUE,FALSE,FALSE,FALSE,FALSE,FALSE,TRUE
1574524,\Dortmund\512.png,\Hertha\512.png,\Dortmund\700.jpg,\Hertha\700.jpg,\Dortmund\s.jpg,"Borussia
Dortmund","Hertha
Berlin",800_1.png,\Dortmund\s256.png,SIGNAL IDUNA PARK,FALSE,FALSE,FALSE,TRUE,FALSE,TRUE,FALSE,FALSE
1574525,\Leverkusen\512.png,\Mainz\512.png,\Leverkusen\700.jpg,\Mainz\700.jpg,\Leverkusen\s.jpg,"Bayer 04
Leverkusen",Mainz,800_1.png,\Leverkusen\s256.png,BayArena,FALSE,TRUE,FALSE,FALSE,TRUE,FALSE,FALSE,FALSE
1574526,\Union Berlin\512.png,\Schalke 04\512.png,\Union Berlin\700.jpg,\Schalke 04\700.jpg,\Union Berlin\s.jpg,"Union
Berlin",Schalke 04,800_1.png,\Union Berlin\s256.png,An der Alten Försterei,FALSE,TRUE,FALSE,FALSE,TRUE,FALSE,FALSE,FALSE
1574527,\Mönchengladbach\512.png,\Bayern Munich\512.png,\Mönchengladbach\700.jpg,\Bayern Munich\700.jpg,\Mönchengladbach\s.jpg,"Borussia
M'gladbach","FC Bayern
München",800_1.png,\Mönchengladbach\s256.png,BORUSSIA-PARK,FALSE,TRUE,FALSE,FALSE,FALSE,TRUE,FALSE,FALSE
1574528,\Ein Frankfurt\512.png,\Werder Bremen\512.png,\Ein Frankfurt\700.jpg,\Werder Bremen\700.jpg,\Ein Frankfurt\s.jpg,"Eintracht
Frankfurt","Werder
Bremen",800_1.png,\Ein Frankfurt\s256.png,Deutsche Bank Park,FALSE,TRUE,FALSE,FALSE,FALSE,TRUE,FALSE,FALSE
1574529,\Wolfsburg\512.png,\RasenBallsport Leipzig\512.png,\Wolfsburg\700.jpg,\RasenBallsport Leipzig\700.jpg,\Wolfsburg\s.jpg,"VfL
Wolfsburg",RB Leipzig,800_1.png,\Wolfsburg\s256.png,Volkswagen Arena,FALSE,TRUE,FALSE,FALSE,FALSE,FALSE,TRUE,FALSE
1574530,\Bochum\512.png,\Freiburg\512.png,\Bochum\700.jpg,\Freiburg\700.jpg,\Bochum\s.jpg,"VfL
Bochum",Freiburg,800_1.png,\Bochum\s256.png,Vonovia Ruhrstadion,FALSE,TRUE,FALSE,FALSE,TRUE,FALSE,FALSE,FALSE
1574531,\Augsburg\512.png,\Hoffenheim\512.png,\Augsburg\700.jpg,\Hoffenheim\700.jpg,\Augsburg\s.jpg,Augsburg,"TSG
Hoffenheim",800_1.png,\Augsburg\s256.png,WWK Arena,TRUE,FALSE,FALSE,FALSE,FALSE,TRUE,FALSE,FALSE
1574532,\Stuttgart\512.png,\FC Koln\512.png,\Stuttgart\700.jpg,\FC Koln\700.jpg,\Stuttgart\s.jpg,"VfB
Stuttgart",1.FC Köln,800_1.png,\Stuttgart\s256.png,Mercedes-Benz Arena,FALSE,FALSE,FALSE,TRUE,TRUE,FALSE,FALSE,FALSE
1574533,\Bayern Munich\512.png,\Union Berlin\512.png,\Bayern Munich\700.jpg,\Union Berlin\700.jpg,\Bayern Munich\s.jpg,"FC Bayern
München","Union
Berlin",800_1.png,\Bayern Munich\s256.png,Allianz Arena,FALSE,TRUE,FALSE,FALSE,FALSE,TRUE,FALSE,FALSE
1574534,\RasenBallsport Leipzig\512.png,\Ein Frankfurt\512.png,\RasenBallsport Leipzig\700.jpg,\Ein Frankfurt\700.jpg,\RasenBallsport Leipzig\s.jpg,RB Leipzig,"Eintracht
Frankfurt",800_1.png,\RasenBallsport Leipzig\s256.png,Red Bull Arena,FALSE,FALSE,TRUE,FALSE,FALSE,TRUE,FALSE,FALSE
1574535,\Freiburg\512.png,\Leverkusen\512.png,\Freiburg\700.jpg,\Leverkusen\700.jpg,\Freiburg\s.jpg,Freiburg,"Bayer 04
Leverkusen",800_1.png,\Freiburg\s256.png,Schwarzwald-Stadion,TRUE,FALSE,FALSE,FALSE,FALSE,TRUE,FALSE,FALSE
1574536,\FC Koln\512.png,\Wolfsburg\512.png,\FC Koln\700.jpg,\Wolfsburg\700.jpg,\FC Koln\s.jpg,1.FC Köln,"VfL
Wolfsburg",800_1.png,\FC Koln\s256.png,RheinEnergieSTADION,TRUE,FALSE,FALSE,FALSE,FALSE,TRUE,FALSE,FALSE
1574537,\Mainz\512.png,\Mönchengladbach\512.png,\Mainz\700.jpg,\Mönchengladbach\700.jpg,\Mainz\s.jpg,Mainz,"Borussia
M'gladbach",800_1.png,\Mainz\s256.png,Mewa Arena,TRUE,FALSE,FALSE,FALSE,FALSE,TRUE,FALSE,FALSE
1574538,\Hoffenheim\512.png,\Dortmund\512.png,\Hoffenheim\700.jpg,\Dortmund\700.jpg,\Hoffenheim\s.jpg,"TSG
Hoffenheim","Borussia
Dortmund",800_1.png,\Hoffenheim\s256.png,PreZero Arena,FALSE,TRUE,FALSE,FALSE,FALSE,FALSE,FALSE,TRUE
1574539,\Hertha\512.png,\Augsburg\512.png,\Hertha\700.jpg,\Augsburg\700.jpg,\Hertha\s.jpg,"Hertha
Berlin",Augsburg,800_1.png,\Hertha\s256.png,Olympiastadion Berlin,FALSE,TRUE,FALSE,FALSE,TRUE,FALSE,FALSE,FALSE
1574540,\Schalke 04\512.png,\Stuttgart\512.png,\Schalke 04\700.jpg,\Stuttgart\700.jpg,\Schalke 04\s.jpg,Schalke 04,"VfB
Stuttgart",800_1.png,\Schalke 04\s256.png,VELTINS-Arena,TRUE,FALSE,FALSE,FALSE,FALSE,FALSE,FALSE,TRUE
1574541,\Werder Bremen\512.png,\Bochum\512.png,\Werder Bremen\700.jpg,\Bochum\700.jpg,\Werder Bremen\s.jpg,"Werder
Bremen","VfL
Bochum",800_1.png,\Werder Bremen\s256.png,Wohninvest WESERSTADION,FALSE,TRUE,FALSE,FALSE,FALSE,TRUE,FALSE,FALSE
1574542,\Dortmund\512.png,\RasenBallsport Leipzig\512.png,\Dortmund\700.jpg,\RasenBallsport Leipzig\700.jpg,\Dortmund\s.jpg,"Borussia
Dortmund",RB Leipzig,800_1.png,\Dortmund\s256.png,SIGNAL IDUNA PARK,FALSE,FALSE,FALSE,TRUE,FALSE,FALSE,TRUE,FALSE
1574543,\Leverkusen\512.png,\Hertha\512.png,\Leverkusen\700.jpg,\Hertha\700.jpg,\Leverkusen\s.jpg,"Bayer 04
Leverkusen","Hertha
Berlin",800_1.png,\Leverkusen\s256.png,BayArena,FALSE,TRUE,FALSE,FALSE,FALSE,TRUE,FALSE,FALSE
1574544,\Union Berlin\512.png,\FC Koln\512.png,\Union Berlin\700.jpg,\FC Koln\700.jpg,\Union Berlin\s.jpg,"Union
Berlin",1.FC Köln,800_1.png,\Union Berlin\s256.png,An der Alten Försterei,FALSE,TRUE,FALSE,FALSE,TRUE,FALSE,FALSE,FALSE
1574545,\Mainz\512.png,\Hoffenheim\512.png,\Mainz\700.jpg,\Hoffenheim\700.jpg,\Mainz\s.jpg,Mainz,"TSG
Hoffenheim",800_1.png,\Mainz\s256.png,Mewa Arena,TRUE,FALSE,FALSE,FALSE,FALSE,TRUE,FALSE,FALSE
1574546,\Mönchengladbach\512.png,\Freiburg\512.png,\Mönchengladbach\700.jpg,\Freiburg\700.jpg,\Mönchengladbach\s.jpg,"Borussia
M'gladbach",Freiburg,800_1.png,\Mönchengladbach\s256.png,BORUSSIA-PARK,FALSE,TRUE,FALSE,FALSE,TRUE,FALSE,FALSE,FALSE
1574547,\Wolfsburg\512.png,\Ein Frankfurt\512.png,\Wolfsburg\700.jpg,\Ein Frankfurt\700.jpg,\Wolfsburg\s.jpg,"VfL
Wolfsburg","Eintracht
Frankfurt",800_1.png,\Wolfsburg\s256.png,Volkswagen Arena,FALSE,TRUE,FALSE,FALSE,FALSE,TRUE,FALSE,FALSE
1574548,\Bochum\512.png,\Schalke 04\512.png,\Bochum\700.jpg,\Schalke 04\700.jpg,\Bochum\s.jpg,"VfL
Bochum",Schalke 04,800_1.png,\Bochum\s256.png,Vonovia Ruhrstadion,FALSE,TRUE,FALSE,FALSE,TRUE,FALSE,FALSE,FALSE
1574549,\Augsburg\512.png,\Werder Bremen\512.png,\Augsburg\700.jpg,\Werder Bremen\700.jpg,\Augsburg\s.jpg,Augsburg,"Werder
Bremen",800_1.png,\Augsburg\s256.png,WWK Arena,TRUE,FALSE,FALSE,FALSE,FALSE,TRUE,FALSE,FALSE
1574550,\Stuttgart\512.png,\Bayern Munich\512.png,\Stuttgart\700.jpg,\Bayern Munich\700.jpg,\Stuttgart\s.jpg,"VfB
Stuttgart","FC Bayern
München",800_1.png,\Stuttgart\s256.png,Mercedes-Benz Arena,FALSE,FALSE,FALSE,TRUE,FALSE,TRUE,FALSE,FALSE
1574551,\Bayern Munich\512.png,\Augsburg\512.png,\Bayern Munich\700.jpg,\Augsburg\700.jpg,\Bayern Munich\s.jpg,"FC Bayern
München",Augsburg,800_1.png,\Bayern Munich\s256.png,Allianz Arena,FALSE,TRUE,FALSE,FALSE,TRUE,FALSE,FALSE,FALSE
1574552,\RasenBallsport Leipzig\512.png,\Mönchengladbach\512.png,\RasenBallsport Leipzig\700.jpg,\Mönchengladbach\700.jpg,\RasenBallsport Leipzig\s.jpg,RB Leipzig,"Borussia
M'gladbach",800_1.png,\RasenBallsport Leipzig\s256.png,Red Bull Arena,FALSE,FALSE,TRUE,FALSE,FALSE,TRUE,FALSE,FALSE
1574553,\Freiburg\512.png,\Hoffenheim\512.png,\Freiburg\700.jpg,\Hoffenheim\700.jpg,\Freiburg\s.jpg,Freiburg,"TSG
Hoffenheim",800_1.png,\Freiburg\s256.png,Schwarzwald-Stadion,TRUE,FALSE,FALSE,FALSE,FALSE,TRUE,FALSE,FALSE
1574554,\FC Koln\512.png,\Bochum\512.png,\FC Koln\700.jpg,\Bochum\700.jpg,\FC Koln\s.jpg,1.FC Köln,"VfL
Bochum",800_1.png,\FC Koln\s256.png,RheinEnergieSTADION,TRUE,FALSE,FALSE,FALSE,FALSE,TRUE,FALSE,FALSE
1574555,\Ein Frankfurt\512.png,\Stuttgart\512.png,\Ein Frankfurt\700.jpg,\Stuttgart\700.jpg,\Ein Frankfurt\s.jpg,"Eintracht
Frankfurt","VfB
Stuttgart",800_1.png,\Ein Frankfurt\s256.png,Deutsche Bank Park,FALSE,TRUE,FALSE,FALSE,FALSE,FALSE,FALSE,TRUE
1574556,\Wolfsburg\512.png,\Union Berlin\512.png,\Wolfsburg\700.jpg,\Union Berlin\700.jpg,\Wolfsburg\s.jpg,"VfL
Wolfsburg","Union
Berlin",800_1.png,\Wolfsburg\s256.png,Volkswagen Arena,FALSE,TRUE,FALSE,FALSE,FALSE,TRUE,FALSE,FALSE
1574557,\Hertha\512.png,\Mainz\512.png,\Hertha\700.jpg,\Mainz\700.jpg,\Hertha\s.jpg,"Hertha
Berlin",Mainz,800_1.png,\Hertha\s256.png,Olympiastadion Berlin,FALSE,TRUE,FALSE,FALSE,TRUE,FALSE,FALSE,FALSE
1574558,\Schalke 04\512.png,\Dortmund\512.png,\Schalke 04\700.jpg,\Dortmund\700.jpg,\Schalke 04\s.jpg,Schalke 04,"Borussia
Dortmund",800_1.png,\Schalke 04\s256.png,VELTINS-Arena,TRUE,FALSE,FALSE,FALSE,FALSE,FALSE,FALSE,TRUE
1574559,\Werder Bremen\512.png,\Leverkusen\512.png,\Werder Bremen\700.jpg,\Leverkusen\700.jpg,\Werder Bremen\s.jpg,"Werder
Bremen","Bayer 04
Leverkusen",800_1.png,\Werder Bremen\s256.png,Wohninvest WESERSTADION,FALSE,TRUE,FALSE,FALSE,FALSE,TRUE,FALSE,FALSE
1574560,\Dortmund\512.png,\FC Koln\512.png,\Dortmund\700.jpg,\FC Koln\700.jpg,\Dortmund\s.jpg,"Borussia
Dortmund",1.FC Köln,800_1.png,\Dortmund\s256.png,SIGNAL IDUNA PARK,FALSE,FALSE,FALSE,TRUE,TRUE,FALSE,FALSE,FALSE
1574561,\Leverkusen\512.png,\Bayern Munich\512.png,\Leverkusen\700.jpg,\Bayern Munich\700.jpg,\Leverkusen\s.jpg,"Bayer 04
Leverkusen","FC Bayern
München",800_1.png,\Leverkusen\s256.png,BayArena,FALSE,TRUE,FALSE,FALSE,FALSE,TRUE,FALSE,FALSE
1574562,\Union Berlin\512.png,\Ein Frankfurt\512.png,\Union Berlin\700.jpg,\Ein Frankfurt\700.jpg,\Union Berlin\s.jpg,"Union
Berlin","Eintracht
Frankfurt",800_1.png,\Union Berlin\s256.png,An der Alten Försterei,FALSE,TRUE,FALSE,FALSE,FALSE,TRUE,FALSE,FALSE
1574563,\Mainz\512.png,\Freiburg\512.png,\Mainz\700.jpg,\Freiburg\700.jpg,\Mainz\s.jpg,Mainz,Freiburg,800_1.png,\Mainz\s256.png,Mewa Arena,TRUE,FALSE,FALSE,FALSE,TRUE,FALSE,FALSE,FALSE
1574564,\Hoffenheim\512.png,\Hertha\512.png,\Hoffenheim\700.jpg,\Hertha\700.jpg,\Hoffenheim\s.jpg,"TSG
Hoffenheim","Hertha
Berlin",800_1.png,\Hoffenheim\s256.png,PreZero Arena,FALSE,TRUE,FALSE,FALSE,FALSE,TRUE,FALSE,FALSE
1574565,\Mönchengladbach\512.png,\Werder Bremen\512.png,\Mönchengladbach\700.jpg,\Werder Bremen\700.jpg,\Mönchengladbach\s.jpg,"Borussia
M'gladbach","Werder
Bremen",800_1.png,\Mönchengladbach\s256.png,BORUSSIA-PARK,FALSE,TRUE,FALSE,FALSE,FALSE,TRUE,FALSE,FALSE
1574566,\Bochum\512.png,\RasenBallsport Leipzig\512.png,\Bochum\700.jpg,\RasenBallsport Leipzig\700.jpg,\Bochum\s.jpg,"VfL
Bochum",RB Leipzig,800_1.png,\Bochum\s256.png,Vonovia Ruhrstadion,FALSE,TRUE,FALSE,FALSE,FALSE,FALSE,TRUE,FALSE
1574567,\Augsburg\512.png,\Schalke 04\512.png,\Augsburg\700.jpg,\Schalke 04\700.jpg,\Augsburg\s.jpg,Augsburg,Schalke 04,800_1.png,\Augsburg\s256.png,WWK Arena,TRUE,FALSE,FALSE,FALSE,TRUE,FALSE,FALSE,FALSE
1574568,\Stuttgart\512.png,\Wolfsburg\512.png,\Stuttgart\700.jpg,\Wolfsburg\700.jpg,\Stuttgart\s.jpg,"VfB
Stuttgart","VfL
Wolfsburg",800_1.png,\Stuttgart\s256.png,Mercedes-Benz Arena,FALSE,FALSE,FALSE,TRUE,FALSE,TRUE,FALSE,FALSE
1574569,\Bayern Munich\512.png,\Dortmund\512.png,\Bayern Munich\700.jpg,\Dortmund\700.jpg,\Bayern Munich\s.jpg,"FC Bayern
München","Borussia
Dortmund",800_1.png,\Bayern Munich\s256.png,Allianz Arena,FALSE,TRUE,FALSE,FALSE,FALSE,FALSE,FALSE,TRUE
1574570,\RasenBallsport Leipzig\512.png,\Mainz\512.png,\RasenBallsport Leipzig\700.jpg,\Mainz\700.jpg,\RasenBallsport Leipzig\s.jpg,RB Leipzig,Mainz,800_1.png,\RasenBallsport Leipzig\s256.png,Red Bull Arena,FALSE,FALSE,TRUE,FALSE,TRUE,FALSE,FALSE,FALSE
1574571,\Union Berlin\512.png,\Stuttgart\512.png,\Union Berlin\700.jpg,\Stuttgart\700.jpg,\Union Berlin\s.jpg,"Union
Berlin","VfB
Stuttgart",800_1.png,\Union Berlin\s256.png,An der Alten Försterei,FALSE,TRUE,FALSE,FALSE,FALSE,FALSE,FALSE,TRUE
1574572,\Freiburg\512.png,\Hertha\512.png,\Freiburg\700.jpg,\Hertha\700.jpg,\Freiburg\s.jpg,Freiburg,"Hertha
Berlin",800_1.png,\Freiburg\s256.png,Schwarzwald-Stadion,TRUE,FALSE,FALSE,FALSE,FALSE,TRUE,FALSE,FALSE
1574573,\FC Koln\512.png,\Mönchengladbach\512.png,\FC Koln\700.jpg,\Mönchengladbach\700.jpg,\FC Koln\s.jpg,1.FC Köln,"Borussia
M'gladbach",800_1.png,\FC Koln\s256.png,RheinEnergieSTADION,TRUE,FALSE,FALSE,FALSE,FALSE,TRUE,FALSE,FALSE
1574574,\Ein Frankfurt\512.png,\Bochum\512.png,\Ein Frankfurt\700.jpg,\Bochum\700.jpg,\Ein Frankfurt\s.jpg,"Eintracht
Frankfurt","VfL
Bochum",800_1.png,\Ein Frankfurt\s256.png,Deutsche Bank Park,FALSE,TRUE,FALSE,FALSE,FALSE,TRUE,FALSE,FALSE
1574575,\Wolfsburg\512.png,\Augsburg\512.png,\Wolfsburg\700.jpg,\Augsburg\700.jpg,\Wolfsburg\s.jpg,"VfL
Wolfsburg",Augsburg,800_1.png,\Wolfsburg\s256.png,Volkswagen Arena,FALSE,TRUE,FALSE,FALSE,TRUE,FALSE,FALSE,FALSE
1574576,\Schalke 04\512.png,\Leverkusen\512.png,\Schalke 04\700.jpg,\Leverkusen\700.jpg,\Schalke 04\s.jpg,Schalke 04,"Bayer 04
Leverkusen",800_1.png,\Schalke 04\s256.png,VELTINS-Arena,TRUE,FALSE,FALSE,FALSE,FALSE,TRUE,FALSE,FALSE
1574577,\Werder Bremen\512.png,\Hoffenheim\512.png,\Werder Bremen\700.jpg,\Hoffenheim\700.jpg,\Werder Bremen\s.jpg,"Werder
Bremen","TSG
Hoffenheim",800_1.png,\Werder Bremen\s256.png,Wohninvest WESERSTADION,FALSE,TRUE,FALSE,FALSE,FALSE,TRUE,FALSE,FALSE
1574578,\Dortmund\512.png,\Union Berlin\512.png,\Dortmund\700.jpg,\Union Berlin\700.jpg,\Dortmund\s.jpg,"Borussia
Dortmund","Union
Berlin",800_1.png,\Dortmund\s256.png,SIGNAL IDUNA PARK,FALSE,FALSE,FALSE,TRUE,FALSE,TRUE,FALSE,FALSE
1574579,\Leverkusen\512.png,\Ein Frankfurt\512.png,\Leverkusen\700.jpg,\Ein Frankfurt\700.jpg,\Leverkusen\s.jpg,"Bayer 04
Leverkusen","Eintracht
Frankfurt",800_1.png,\Leverkusen\s256.png,BayArena,FALSE,TRUE,FALSE,FALSE,FALSE,TRUE,FALSE,FALSE
1574580,\Freiburg\512.png,\Bayern Munich\512.png,\Freiburg\700.jpg,\Bayern Munich\700.jpg,\Freiburg\s.jpg,Freiburg,"FC Bayern
München",800_1.png,\Freiburg\s256.png,Schwarzwald-Stadion,TRUE,FALSE,FALSE,FALSE,FALSE,TRUE,FALSE,FALSE
1574581,\Mainz\512.png,\Werder Bremen\512.png,\Mainz\700.jpg,\Werder Bremen\700.jpg,\Mainz\s.jpg,Mainz,"Werder
Bremen",800_1.png,\Mainz\s256.png,Mewa Arena,TRUE,FALSE,FALSE,FALSE,FALSE,TRUE,FALSE,FALSE
1574582,\Hoffenheim\512.png,\Schalke 04\512.png,\Hoffenheim\700.jpg,\Schalke 04\700.jpg,\Hoffenheim\s.jpg,"TSG
Hoffenheim",Schalke 04,800_1.png,\Hoffenheim\s256.png,PreZero Arena,FALSE,TRUE,FALSE,FALSE,TRUE,FALSE,FALSE,FALSE
1574583,\Mönchengladbach\512.png,\Wolfsburg\512.png,\Mönchengladbach\700.jpg,\Wolfsburg\700.jpg,\Mönchengladbach\s.jpg,"Borussia
M'gladbach","VfL
Wolfsburg",800_1.png,\Mönchengladbach\s256.png,BORUSSIA-PARK,FALSE,TRUE,FALSE,FALSE,FALSE,TRUE,FALSE,FALSE
1574584,\Bochum\512.png,\Stuttgart\512.png,\Bochum\700.jpg,\Stuttgart\700.jpg,\Bochum\s.jpg,"VfL
Bochum","VfB
Stuttgart",800_1.png,\Bochum\s256.png,Vonovia Ruhrstadion,FALSE,TRUE,FALSE,FALSE,FALSE,FALSE,FALSE,TRUE
1574585,\Augsburg\512.png,\FC Koln\512.png,\Augsburg\700.jpg,\FC Koln\700.jpg,\Augsburg\s.jpg,Augsburg,1.FC Köln,800_1.png,\Augsburg\s256.png,WWK Arena,TRUE,FALSE,FALSE,FALSE,TRUE,FALSE,FALSE,FALSE
1574586,\Hertha\512.png,\RasenBallsport Leipzig\512.png,\Hertha\700.jpg,\RasenBallsport Leipzig\700.jpg,\Hertha\s.jpg,"Hertha
Berlin",RB Leipzig,800_1.png,\Hertha\s256.png,Olympiastadion Berlin,FALSE,TRUE,FALSE,FALSE,FALSE,FALSE,TRUE,FALSE
1574587,\Bayern Munich\512.png,\Hoffenheim\512.png,\Bayern Munich\700.jpg,\Hoffenheim\700.jpg,\Bayern Munich\s.jpg,"FC Bayern
München","TSG
Hoffenheim",800_1.png,\Bayern Munich\s256.png,Allianz Arena,FALSE,TRUE,FALSE,FALSE,FALSE,TRUE,FALSE,FALSE
1574588,\RasenBallsport Leipzig\512.png,\Augsburg\512.png,\RasenBallsport Leipzig\700.jpg,\Augsburg\700.jpg,\RasenBallsport Leipzig\s.jpg,RB Leipzig,Augsburg,800_1.png,\RasenBallsport Leipzig\s256.png,Red Bull Arena,FALSE,FALSE,TRUE,FALSE,TRUE,FALSE,FALSE,FALSE
1574589,\Union Berlin\512.png,\Bochum\512.png,\Union Berlin\700.jpg,\Bochum\700.jpg,\Union Berlin\s.jpg,"Union
Berlin","VfL
Bochum",800_1.png,\Union Berlin\s256.png,An der Alten Försterei,FALSE,TRUE,FALSE,FALSE,FALSE,TRUE,FALSE,FALSE
1574590,\FC Koln\512.png,\Mainz\512.png,\FC Koln\700.jpg,\Mainz\700.jpg,\FC Koln\s.jpg,1.FC Köln,Mainz,800_1.png,\FC Koln\s256.png,RheinEnergieSTADION,TRUE,FALSE,FALSE,FALSE,TRUE,FALSE,FALSE,FALSE
1574591,\Ein Frankfurt\512.png,\Mönchengladbach\512.png,\Ein Frankfurt\700.jpg,\Mönchengladbach\700.jpg,\Ein Frankfurt\s.jpg,"Eintracht
Frankfurt","Borussia
M'gladbach",800_1.png,\Ein Frankfurt\s256.png,Deutsche Bank Park,FALSE,TRUE,FALSE,FALSE,FALSE,TRUE,FALSE,FALSE
1574592,\Wolfsburg\512.png,\Leverkusen\512.png,\Wolfsburg\700.jpg,\Leverkusen\700.jpg,\Wolfsburg\s.jpg,"VfL
Wolfsburg","Bayer 04
Leverkusen",800_1.png,\Wolfsburg\s256.png,Volkswagen Arena,FALSE,TRUE,FALSE,FALSE,FALSE,TRUE,FALSE,FALSE
1574593,\Stuttgart\512.png,\Dortmund\512.png,\Stuttgart\700.jpg,\Dortmund\700.jpg,\Stuttgart\s.jpg,"VfB
Stuttgart","Borussia
Dortmund",800_1.png,\Stuttgart\s256.png,Mercedes-Benz Arena,FALSE,FALSE,FALSE,TRUE,FALSE,FALSE,FALSE,TRUE
1574594,\Schalke 04\512.png,\Hertha\512.png,\Schalke 04\700.jpg,\Hertha\700.jpg,\Schalke 04\s.jpg,Schalke 04,"Hertha
Berlin",800_1.png,\Schalke 04\s256.png,VELTINS-Arena,TRUE,FALSE,FALSE,FALSE,FALSE,TRUE,FALSE,FALSE
1574595,\Werder Bremen\512.png,\Freiburg\512.png,\Werder Bremen\700.jpg,\Freiburg\700.jpg,\Werder Bremen\s.jpg,"Werder
Bremen",Freiburg,800_1.png,\Werder Bremen\s256.png,Wohninvest WESERSTADION,FALSE,TRUE,FALSE,FALSE,TRUE,FALSE,FALSE,FALSE
1574596,\Dortmund\512.png,\Ein Frankfurt\512.png,\Dortmund\700.jpg,\Ein Frankfurt\700.jpg,\Dortmund\s.jpg,"Borussia
Dortmund","Eintracht
Frankfurt",800_1.png,\Dortmund\s256.png,SIGNAL IDUNA PARK,FALSE,FALSE,FALSE,TRUE,FALSE,TRUE,FALSE,FALSE
1574597,\Leverkusen\512.png,\RasenBallsport Leipzig\512.png,\Leverkusen\700.jpg,\RasenBallsport Leipzig\700.jpg,\Leverkusen\s.jpg,"Bayer 04
Leverkusen",RB Leipzig,800_1.png,\Leverkusen\s256.png,BayArena,FALSE,TRUE,FALSE,FALSE,FALSE,FALSE,TRUE,FALSE
1574598,\Freiburg\512.png,\Schalke 04\512.png,\Freiburg\700.jpg,\Schalke 04\700.jpg,\Freiburg\s.jpg,Freiburg,Schalke 04,800_1.png,\Freiburg\s256.png,Schwarzwald-Stadion,TRUE,FALSE,FALSE,FALSE,TRUE,FALSE,FALSE,FALSE
1574599,\Mainz\512.png,\Bayern Munich\512.png,\Mainz\700.jpg,\Bayern Munich\700.jpg,\Mainz\s.jpg,Mainz,"FC Bayern
München",800_1.png,\Mainz\s256.png,Mewa Arena,TRUE,FALSE,FALSE,FALSE,FALSE,TRUE,FALSE,FALSE
1574600,\Hoffenheim\512.png,\FC Koln\512.png,\Hoffenheim\700.jpg,\FC Koln\700.jpg,\Hoffenheim\s.jpg,"TSG
Hoffenheim",1.FC Köln,800_1.png,\Hoffenheim\s256.png,PreZero Arena,FALSE,TRUE,FALSE,FALSE,TRUE,FALSE,FALSE,FALSE
1574601,\Mönchengladbach\512.png,\Union Berlin\512.png,\Mönchengladbach\700.jpg,\Union Berlin\700.jpg,\Mönchengladbach\s.jpg,"Borussia
M'gladbach","Union
Berlin",800_1.png,\Mönchengladbach\s256.png,BORUSSIA-PARK,FALSE,TRUE,FALSE,FALSE,FALSE,TRUE,FALSE,FALSE
1574602,\Bochum\512.png,\Wolfsburg\512.png,\Bochum\700.jpg,\Wolfsburg\700.jpg,\Bochum\s.jpg,"VfL
Bochum","VfL
Wolfsburg",800_1.png,\Bochum\s256.png,Vonovia Ruhrstadion,FALSE,TRUE,FALSE,FALSE,FALSE,TRUE,FALSE,FALSE
1574603,\Augsburg\512.png,\Stuttgart\512.png,\Augsburg\700.jpg,\Stuttgart\700.jpg,\Augsburg\s.jpg,Augsburg,"VfB
Stuttgart",800_1.png,\Augsburg\s256.png,WWK Arena,TRUE,FALSE,FALSE,FALSE,FALSE,FALSE,FALSE,TRUE
1574604,\Hertha\512.png,\Werder Bremen\512.png,\Hertha\700.jpg,\Werder Bremen\700.jpg,\Hertha\s.jpg,"Hertha
Berlin","Werder
Bremen",800_1.png,\Hertha\s256.png,Olympiastadion Berlin,FALSE,TRUE,FALSE,FALSE,FALSE,TRUE,FALSE,FALSE
1574605,\Bayern Munich\512.png,\Hertha\512.png,\Bayern Munich\700.jpg,\Hertha\700.jpg,\Bayern Munich\s.jpg,"FC Bayern
München","Hertha
Berlin",800_1.png,\Bayern Munich\s256.png,Allianz Arena,FALSE,TRUE,FALSE,FALSE,FALSE,TRUE,FALSE,FALSE
1574606,\RasenBallsport Leipzig\512.png,\Hoffenheim\512.png,\RasenBallsport Leipzig\700.jpg,\Hoffenheim\700.jpg,\RasenBallsport Leipzig\s.jpg,RB Leipzig,"TSG
Hoffenheim",800_1.png,\RasenBallsport Leipzig\s256.png,Red Bull Arena,FALSE,FALSE,TRUE,FALSE,FALSE,TRUE,FALSE,FALSE
1574607,\Union Berlin\512.png,\Leverkusen\512.png,\Union Berlin\700.jpg,\Leverkusen\700.jpg,\Union Berlin\s.jpg,"Union
Berlin","Bayer 04
Leverkusen",800_1.png,\Union Berlin\s256.png,An der Alten Försterei,FALSE,TRUE,FALSE,FALSE,FALSE,TRUE,FALSE,FALSE
1574608,\FC Koln\512.png,\Freiburg\512.png,\FC Koln\700.jpg,\Freiburg\700.jpg,\FC Koln\s.jpg,1.FC Köln,Freiburg,800_1.png,\FC Koln\s256.png,RheinEnergieSTADION,TRUE,FALSE,FALSE,FALSE,TRUE,FALSE,FALSE,FALSE
1574609,\Ein Frankfurt\512.png,\Augsburg\512.png,\Ein Frankfurt\700.jpg,\Augsburg\700.jpg,\Ein Frankfurt\s.jpg,"Eintracht
Frankfurt",Augsburg,800_1.png,\Ein Frankfurt\s256.png,Deutsche Bank Park,FALSE,TRUE,FALSE,FALSE,TRUE,FALSE,FALSE,FALSE
1574610,\Wolfsburg\512.png,\Mainz\512.png,\Wolfsburg\700.jpg,\Mainz\700.jpg,\Wolfsburg\s.jpg,"VfL
Wolfsburg",Mainz,800_1.png,\Wolfsburg\s256.png,Volkswagen Arena,FALSE,TRUE,FALSE,FALSE,TRUE,FALSE,FALSE,FALSE
1574611,\Bochum\512.png,\Dortmund\512.png,\Bochum\700.jpg,\Dortmund\700.jpg,\Bochum\s.jpg,"VfL
Bochum","Borussia
Dortmund",800_1.png,\Bochum\s256.png,Vonovia Ruhrstadion,FALSE,TRUE,FALSE,FALSE,FALSE,FALSE,FALSE,TRUE
1574612,\Stuttgart\512.png,\Mönchengladbach\512.png,\Stuttgart\700.jpg,\Mönchengladbach\700.jpg,\Stuttgart\s.jpg,"VfB
Stuttgart","Borussia
M'gladbach",800_1.png,\Stuttgart\s256.png,Mercedes-Benz Arena,FALSE,FALSE,FALSE,TRUE,FALSE,TRUE,FALSE,FALSE
1574613,\Schalke 04\512.png,\Werder Bremen\512.png,\Schalke 04\700.jpg,\Werder Bremen\700.jpg,\Schalke 04\s.jpg,Schalke 04,"Werder
Bremen",800_1.png,\Schalke 04\s256.png,VELTINS-Arena,TRUE,FALSE,FALSE,FALSE,FALSE,TRUE,FALSE,FALSE
1574614,\Dortmund\512.png,\Wolfsburg\512.png,\Dortmund\700.jpg,\Wolfsburg\700.jpg,\Dortmund\s.jpg,"Borussia
Dortmund","VfL
Wolfsburg",800_1.png,\Dortmund\s256.png,SIGNAL IDUNA PARK,FALSE,FALSE,FALSE,TRUE,FALSE,TRUE,FALSE,FALSE
1574615,\Leverkusen\512.png,\FC Koln\512.png,\Leverkusen\700.jpg,\FC Koln\700.jpg,\Leverkusen\s.jpg,"Bayer 04
Leverkusen",1.FC Köln,800_1.png,\Leverkusen\s256.png,BayArena,FALSE,TRUE,FALSE,FALSE,TRUE,FALSE,FALSE,FALSE
1574616,\Freiburg\512.png,\RasenBallsport Leipzig\512.png,\Freiburg\700.jpg,\RasenBallsport Leipzig\700.jpg,\Freiburg\s.jpg,Freiburg,RB Leipzig,800_1.png,\Freiburg\s256.png,Schwarzwald-Stadion,TRUE,FALSE,FALSE,FALSE,FALSE,FALSE,TRUE,FALSE
1574617,\Mainz\512.png,\Schalke 04\512.png,\Mainz\700.jpg,\Schalke 04\700.jpg,\Mainz\s.jpg,Mainz,Schalke 04,800_1.png,\Mainz\s256.png,Mewa Arena,TRUE,FALSE,FALSE,FALSE,TRUE,FALSE,FALSE,FALSE
1574618,\Hoffenheim\512.png,\Ein Frankfurt\512.png,\Hoffenheim\700.jpg,\Ein Frankfurt\700.jpg,\Hoffenheim\s.jpg,"TSG
Hoffenheim","Eintracht
Frankfurt",800_1.png,\Hoffenheim\s256.png,PreZero Arena,FALSE,TRUE,FALSE,FALSE,FALSE,TRUE,FALSE,FALSE
1574619,\Mönchengladbach\512.png,\Bochum\512.png,\Mönchengladbach\700.jpg,\Bochum\700.jpg,\Mönchengladbach\s.jpg,"Borussia
M'gladbach","VfL
Bochum",800_1.png,\Mönchengladbach\s256.png,BORUSSIA-PARK,FALSE,TRUE,FALSE,FALSE,FALSE,TRUE,FALSE,FALSE
1574620,\Augsburg\512.png,\Union Berlin\512.png,\Augsburg\700.jpg,\Union Berlin\700.jpg,\Augsburg\s.jpg,Augsburg,"Union
Berlin",800_1.png,\Augsburg\s256.png,WWK Arena,TRUE,FALSE,FALSE,FALSE,FALSE,TRUE,FALSE,FALSE
1574621,\Hertha\512.png,\Stuttgart\512.png,\Hertha\700.jpg,\Stuttgart\700.jpg,\Hertha\s.jpg,"Hertha
Berlin","VfB
Stuttgart",800_1.png,\Hertha\s256.png,Olympiastadion Berlin,FALSE,TRUE,FALSE,FALSE,FALSE,FALSE,FALSE,TRUE
1574622,\Werder Bremen\512.png,\Bayern Munich\512.png,\Werder Bremen\700.jpg,\Bayern Munich\700.jpg,\Werder Bremen\s.jpg,"Werder
Bremen","FC Bayern
München",800_1.png,\Werder Bremen\s256.png,Wohninvest WESERSTADION,FALSE,TRUE,FALSE,FALSE,FALSE,TRUE,FALSE,FALSE
1574623,\Bayern Munich\512.png,\Schalke 04\512.png,\Bayern Munich\700.jpg,\Schalke 04\700.jpg,\Bayern Munich\s.jpg,"FC Bayern
München",Schalke 04,800_1.png,\Bayern Munich\s256.png,Allianz Arena,FALSE,TRUE,FALSE,FALSE,TRUE,FALSE,FALSE,FALSE
1574624,\Dortmund\512.png,\Mönchengladbach\512.png,\Dortmund\700.jpg,\Mönchengladbach\700.jpg,\Dortmund\s.jpg,"Borussia
Dortmund","Borussia
M'gladbach",800_1.png,\Dortmund\s256.png,SIGNAL IDUNA PARK,FALSE,FALSE,FALSE,TRUE,FALSE,TRUE,FALSE,FALSE
1574625,\RasenBallsport Leipzig\512.png,\Werder Bremen\512.png,\RasenBallsport Leipzig\700.jpg,\Werder Bremen\700.jpg,\RasenBallsport Leipzig\s.jpg,RB Leipzig,"Werder
Bremen",800_1.png,\RasenBallsport Leipzig\s256.png,Red Bull Arena,FALSE,FALSE,TRUE,FALSE,FALSE,TRUE,FALSE,FALSE
1574626,\Union Berlin\512.png,\Freiburg\512.png,\Union Berlin\700.jpg,\Freiburg\700.jpg,\Union Berlin\s.jpg,"Union
Berlin",Freiburg,800_1.png,\Union Berlin\s256.png,An der Alten Försterei,FALSE,TRUE,FALSE,FALSE,TRUE,FALSE,FALSE,FALSE
1574627,\FC Koln\512.png,\Hertha\512.png,\FC Koln\700.jpg,\Hertha\700.jpg,\FC Koln\s.jpg,1.FC Köln,"Hertha
Berlin",800_1.png,\FC Koln\s256.png,RheinEnergieSTADION,TRUE,FALSE,FALSE,FALSE,FALSE,TRUE,FALSE,FALSE
1574628,\Ein Frankfurt\512.png,\Mainz\512.png,\Ein Frankfurt\700.jpg,\Mainz\700.jpg,\Ein Frankfurt\s.jpg,"Eintracht
Frankfurt",Mainz,800_1.png,\Ein Frankfurt\s256.png,Deutsche Bank Park,FALSE,TRUE,FALSE,FALSE,TRUE,FALSE,FALSE,FALSE
1574629,\Wolfsburg\512.png,\Hoffenheim\512.png,\Wolfsburg\700.jpg,\Hoffenheim\700.jpg,\Wolfsburg\s.jpg,"VfL
Wolfsburg","TSG
Hoffenheim",800_1.png,\Wolfsburg\s256.png,Volkswagen Arena,FALSE,TRUE,FALSE,FALSE,FALSE,TRUE,FALSE,FALSE
1574630,\Bochum\512.png,\Augsburg\512.png,\Bochum\700.jpg,\Augsburg\700.jpg,\Bochum\s.jpg,"VfL
Bochum",Augsburg,800_1.png,\Bochum\s256.png,Vonovia Ruhrstadion,FALSE,TRUE,FALSE,FALSE,TRUE,FALSE,FALSE,FALSE
1574631,\Stuttgart\512.png,\Leverkusen\512.png,\Stuttgart\700.jpg,\Leverkusen\700.jpg,\Stuttgart\s.jpg,"VfB
Stuttgart","Bayer 04
Leverkusen",800_1.png,\Stuttgart\s256.png,Mercedes-Benz Arena,FALSE,FALSE,FALSE,TRUE,FALSE,TRUE,FALSE,FALSE
1574632,\Bayern Munich\512.png,\RasenBallsport Leipzig\512.png,\Bayern Munich\700.jpg,\RasenBallsport Leipzig\700.jpg,\Bayern Munich\s.jpg,"FC Bayern
München",RB Leipzig,800_1.png,\Bayern Munich\s256.png,Allianz Arena,FALSE,TRUE,FALSE,FALSE,FALSE,FALSE,TRUE,FALSE
1574633,\Leverkusen\512.png,\Mönchengladbach\512.png,\Leverkusen\700.jpg,\Mönchengladbach\700.jpg,\Leverkusen\s.jpg,"Bayer 04
Leverkusen","Borussia
M'gladbach",800_1.png,\Leverkusen\s256.png,BayArena,FALSE,TRUE,FALSE,FALSE,FALSE,TRUE,FALSE,FALSE
1574634,\Freiburg\512.png,\Wolfsburg\512.png,\Freiburg\700.jpg,\Wolfsburg\700.jpg,\Freiburg\s.jpg,Freiburg,"VfL
Wolfsburg",800_1.png,\Freiburg\s256.png,Schwarzwald-Stadion,TRUE,FALSE,FALSE,FALSE,FALSE,TRUE,FALSE,FALSE
1574635,\Mainz\512.png,\Stuttgart\512.png,\Mainz\700.jpg,\Stuttgart\700.jpg,\Mainz\s.jpg,Mainz,"VfB
Stuttgart",800_1.png,\Mainz\s256.png,Mewa Arena,TRUE,FALSE,FALSE,FALSE,FALSE,FALSE,FALSE,TRUE
1574636,\Hoffenheim\512.png,\Union Berlin\512.png,\Hoffenheim\700.jpg,\Union Berlin\700.jpg,\Hoffenheim\s.jpg,"TSG
Hoffenheim","Union
Berlin",800_1.png,\Hoffenheim\s256.png,PreZero Arena,FALSE,TRUE,FALSE,FALSE,FALSE,TRUE,FALSE,FALSE
1574637,\Augsburg\512.png,\Dortmund\512.png,\Augsburg\700.jpg,\Dortmund\700.jpg,\Augsburg\s.jpg,Augsburg,"Borussia
Dortmund",800_1.png,\Augsburg\s256.png,WWK Arena,TRUE,FALSE,FALSE,FALSE,FALSE,FALSE,FALSE,TRUE
1574638,\Hertha\512.png,\Bochum\512.png,\Hertha\700.jpg,\Bochum\700.jpg,\Hertha\s.jpg,"Hertha
Berlin","VfL
Bochum",800_1.png,\Hertha\s256.png,Olympiastadion Berlin,FALSE,TRUE,FALSE,FALSE,FALSE,TRUE,FALSE,FALSE
1574639,\Schalke 04\512.png,\Ein Frankfurt\512.png,\Schalke 04\700.jpg,\Ein Frankfurt\700.jpg,\Schalke 04\s.jpg,Schalke 04,"Eintracht
Frankfurt",800_1.png,\Schalke 04\s256.png,VELTINS-Arena,TRUE,FALSE,FALSE,FALSE,FALSE,TRUE,FALSE,FALSE
1574640,\Werder Bremen\512.png,\FC Koln\512.png,\Werder Bremen\700.jpg,\FC Koln\700.jpg,\Werder Bremen\s.jpg,"Werder
Bremen",1.FC Köln,800_1.png,\Werder Bremen\s256.png,Wohninvest WESERSTADION,FALSE,TRUE,FALSE,FALSE,TRUE,FALSE,FALSE,FALSE
1574641,\Dortmund\512.png,\Mainz\512.png,\Dortmund\700.jpg,\Mainz\700.jpg,\Dortmund\s.jpg,"Borussia
Dortmund",Mainz,800_1.png,\Dortmund\s256.png,SIGNAL IDUNA PARK,FALSE,FALSE,FALSE,TRUE,TRUE,FALSE,FALSE,FALSE
1574642,\RasenBallsport Leipzig\512.png,\Schalke 04\512.png,\RasenBallsport Leipzig\700.jpg,\Schalke 04\700.jpg,\RasenBallsport Leipzig\s.jpg,RB Leipzig,Schalke 04,800_1.png,\RasenBallsport Leipzig\s256.png,Red Bull Arena,FALSE,FALSE,TRUE,FALSE,TRUE,FALSE,FALSE,FALSE
1574643,\Union Berlin\512.png,\Werder Bremen\512.png,\Union Berlin\700.jpg,\Werder Bremen\700.jpg,\Union Berlin\s.jpg,"Union
Berlin","Werder
Bremen",800_1.png,\Union Berlin\s256.png,An der Alten Försterei,FALSE,TRUE,FALSE,FALSE,FALSE,TRUE,FALSE,FALSE
1574644,\FC Koln\512.png,\Bayern Munich\512.png,\FC Koln\700.jpg,\Bayern Munich\700.jpg,\FC Koln\s.jpg,1.FC Köln,"FC Bayern
München",800_1.png,\FC Koln\s256.png,RheinEnergieSTADION,TRUE,FALSE,FALSE,FALSE,FALSE,TRUE,FALSE,FALSE
1574645,\Mönchengladbach\512.png,\Augsburg\512.png,\Mönchengladbach\700.jpg,\Augsburg\700.jpg,\Mönchengladbach\s.jpg,"Borussia
M'gladbach",Augsburg,800_1.png,\Mönchengladbach\s256.png,BORUSSIA-PARK,FALSE,TRUE,FALSE,FALSE,TRUE,FALSE,FALSE,FALSE
1574646,\Ein Frankfurt\512.png,\Freiburg\512.png,\Ein Frankfurt\700.jpg,\Freiburg\700.jpg,\Ein Frankfurt\s.jpg,"Eintracht
Frankfurt",Freiburg,800_1.png,\Ein Frankfurt\s256.png,Deutsche Bank Park,FALSE,TRUE,FALSE,FALSE,TRUE,FALSE,FALSE,FALSE
1574647,\Wolfsburg\512.png,\Hertha\512.png,\Wolfsburg\700.jpg,\Hertha\700.jpg,\Wolfsburg\s.jpg,"VfL
Wolfsburg","Hertha
Berlin",800_1.png,\Wolfsburg\s256.png,Volkswagen Arena,FALSE,TRUE,FALSE,FALSE,FALSE,TRUE,FALSE,FALSE
1574648,\Bochum\512.png,\Leverkusen\512.png,\Bochum\700.jpg,\Leverkusen\700.jpg,\Bochum\s.jpg,"VfL
Bochum","Bayer 04
Leverkusen",800_1.png,\Bochum\s256.png,Vonovia Ruhrstadion,FALSE,TRUE,FALSE,FALSE,FALSE,TRUE,FALSE,FALSE
1574649,\Stuttgart\512.png,\Hoffenheim\512.png,\Stuttgart\700.jpg,\Hoffenheim\700.jpg,\Stuttgart\s.jpg,"VfB
Stuttgart","TSG
Hoffenheim",800_1.png,\Stuttgart\s256.png,Mercedes-Benz Arena,FALSE,FALSE,FALSE,TRUE,FALSE,TRUE,FALSE,FALSE